Id,Area,Bedrooms,Bathrooms,Floors,YearBuilt,Location,Condition,Garage,Price,Location_ratio
1,1360,5,4,3,1970,1,1,0,149919,0.2796684974189952
2,4272,5,4,3,1958,1,1,0,424998,0.7928184690804909
3,3592,2,2,3,1938,1,3,0,266746,0.4976050601493292
4,966,4,2,2,1902,3,2,1,244020,0.43776973405276365
5,4926,1,4,2,1975,1,2,1,636056,1.1865395699967076
6,3944,1,2,1,1906,4,4,0,93262,0.17970819006055294
7,3671,1,1,2,1948,2,4,1,448722,0.8331050575279354
8,3419,2,4,1,1925,3,3,1,594893,1.0672328104247633
9,630,2,2,1,1932,2,4,1,652878,1.2121446324199023
10,2185,3,3,1,2000,1,4,0,340375,0.6349573090068003
11,1269,1,4,2,1947,3,4,1,653685,1.1727051413993967
12,2891,4,4,3,1978,4,1,1,127123,0.24495554722253082
13,2933,4,3,2,1901,1,4,0,849947,1.5855455304249808
14,1684,1,1,1,2004,2,3,0,399355,0.7414494280402313
15,3885,1,3,1,1970,4,2,1,481838,0.9284621269369808
16,4617,1,4,2,1931,1,4,0,853032,1.5913004868650424
17,3404,2,1,1,1903,4,2,1,208964,0.40265641126947077
18,974,2,2,1,1919,1,4,1,905742,1.6896290943060954
19,1582,2,2,2,2013,3,3,0,989305,1.7748044699084884
20,3058,5,2,2,2016,1,1,0,218767,0.40810196289237066
21,2547,4,4,2,1935,3,3,1,996357,1.7874556958921786
22,3247,4,3,1,1931,1,1,0,709789,1.3240858271101805
23,1475,3,1,1,1927,1,4,0,709966,1.3244160142381842
24,2306,2,2,3,1976,2,4,1,447694,0.831196454876096
25,689,5,1,3,1900,4,1,1,688668,1.327006496028617
26,3234,5,4,2,1959,4,3,1,527032,1.0155472413629703
27,3505,4,2,3,1955,4,3,1,745494,1.436505516083741
28,2399,2,4,1,1934,1,1,1,513179,0.9573169500662526
29,1767,3,3,3,2011,1,4,1,948212,1.768855350386944
30,2028,2,4,1,1929,1,1,0,206547,0.3853059928121265
31,3702,1,4,2,1953,3,4,0,902609,1.6192726083256739
32,4056,2,3,2,1935,3,1,1,727090,1.304393065865191
33,4390,1,1,1,2020,2,4,0,202185,0.3753801820643642
34,1146,1,3,3,1954,1,1,0,725371,1.3531534871584918
35,3388,3,3,2,1988,4,2,1,105746,0.20376382949264685
36,2935,4,4,2,1979,4,4,0,959507,1.8488909343615938
37,1100,2,1,3,1957,2,3,0,748213,1.3891452489696274
38,2863,1,2,3,1982,4,1,1,921627,1.7758992953286141
39,2561,2,3,1,1964,2,3,0,873250,1.6212911145124813
40,741,4,1,3,1968,1,1,0,218393,0.4074042793563632
41,2541,4,3,3,1950,4,3,1,333453,0.6425364575096133
42,3324,5,3,3,1921,1,3,0,986192,1.8397056731077028
43,3112,4,3,1,1987,3,1,0,340320,0.6105310871766106
44,1863,3,3,1,2006,4,1,0,643167,1.2393298178966314
45,1978,1,4,2,2008,3,3,1,641880,1.1515270752142772
46,3056,5,1,1,2015,4,3,1,396872,0.764739645361581
47,1275,3,1,2,2000,1,3,0,270084,0.5038319789813959
48,4514,2,1,3,1952,2,4,0,976920,1.813766636804504
49,534,1,3,2,1999,1,4,1,771782,1.4397315368634191
50,3652,4,4,2,1935,1,2,1,845016,1.5763469274408823
51,2455,1,3,3,1967,1,4,0,698843,1.3036664581659618
52,2085,2,3,2,1935,4,4,1,405446,0.7812610369420658
53,4443,5,1,1,1951,2,1,0,958840,1.7801989948344088
54,3573,5,3,1,1952,3,2,0,593118,1.0640484760343705
55,1521,5,2,1,1981,1,2,1,266897,0.49788674521333226
56,3961,4,3,1,1949,4,4,1,826522,1.5926397961144767
57,3113,3,2,2,1979,3,1,0,913498,1.63880737856623
58,4343,3,3,2,1940,1,1,0,840023,1.5670326656887825
59,2000,1,4,3,1917,3,2,1,143878,0.2581158667160213
60,661,4,4,2,1921,1,1,0,175407,0.3272154438515044
61,4797,5,1,2,1965,3,3,1,691157,1.2399295798651995
62,2481,5,3,2,1920,3,4,1,307716,0.5520397979009106
63,1495,2,2,3,1999,2,3,1,857827,1.592656504882792
64,3842,2,2,1,1943,2,2,1,66738,0.12390692974558715
65,4298,5,3,2,2002,1,2,1,183703,0.34269133319567013
66,1775,5,2,3,1946,4,1,0,723265,1.3936720645508978
67,1516,4,4,3,1938,2,1,1,593344,1.1016127741761164
68,837,3,2,3,1928,3,2,1,815034,1.4621638284729128
69,1378,2,1,1,1953,2,2,1,560241,1.0401531695225732
70,1576,3,4,2,1989,2,3,1,433800,0.8054006131984133
71,4493,4,4,3,1984,1,3,1,689604,1.2864314362697773
72,879,5,4,1,1916,2,1,1,740807,1.3753951407599745
73,992,3,3,3,1979,2,3,1,628706,1.167266477458556
74,2562,5,3,3,1959,3,1,0,873622,1.5672701852415518
75,4384,5,4,3,1930,2,1,0,76014,0.14112891242891698
76,564,1,3,3,2014,3,4,0,778359,1.3963692009981765
77,3068,3,2,3,1972,2,1,0,813277,1.5099442012451958
78,2527,3,3,1,1994,2,3,1,231350,0.42952842753216436
79,3195,5,3,2,1977,4,2,0,961995,1.8536851053730525
80,1995,4,4,2,1948,2,2,1,838212,1.5562389552564968
81,891,1,1,2,2000,3,3,0,534859,0.9595323423724577
82,4974,5,1,2,1901,3,2,0,764618,1.3717179678385216
83,4061,2,1,1,2015,1,1,1,540339,1.0079829523067951
84,2778,2,2,1,1947,1,2,1,92192,0.17198085708984187
85,3599,1,3,1,2009,4,3,0,941307,1.8138210338758434
86,700,4,1,3,1913,3,2,0,411273,0.7378201452056482
87,3604,5,4,3,1958,3,1,0,93923,0.16849703602752938
88,2954,3,1,3,1996,3,1,0,663484,1.190284461225571
89,4145,1,1,2,1998,4,3,1,576683,1.1112206275727503
90,1304,4,3,3,1957,3,3,0,414593,0.7437761960090871
91,3231,3,3,2,2002,1,3,0,433891,0.8094080404326686
92,3273,2,3,3,1957,4,4,0,802744,1.5468215492051265
93,2070,2,2,2,2010,1,4,0,458995,0.8562386486891701
94,3190,3,2,3,1950,1,1,0,645316,1.2038137666368924
95,4340,1,1,3,1983,4,4,1,997226,1.9215723396595072
96,1528,2,3,1,1901,2,4,1,450327,0.8360849283997276
97,1002,5,1,3,2014,2,2,1,816751,1.5163940899732993
98,4993,3,4,3,1940,1,4,1,715344,1.3344484796302916
99,1370,3,4,1,1982,2,2,1,929608,1.7259263560031133
100,4988,2,3,2,2022,3,3,0,777688,1.395165432899048
101,706,1,3,1,2000,4,2,1,305315,0.5883168498245558
102,1984,5,4,1,1981,1,2,1,339068,0.6325191475587741
103,1363,1,3,2,1915,3,3,0,495919,0.8896743248164597
104,3290,4,2,3,1903,2,3,1,344721,0.6400149948878981
105,1063,4,2,2,1911,3,1,1,188783,0.338675041814945
106,4691,2,3,3,1928,2,1,1,659836,1.2250629760497653
107,2257,2,4,3,1906,1,1,1,307288,0.5732347016381392
108,2178,2,1,2,1913,3,1,0,543085,0.9742897140318217
109,3742,4,3,1,2018,4,2,0,545187,1.050530430556311
110,1559,1,3,2,1911,1,2,1,699381,1.3046700777979727
111,2222,1,1,3,1998,3,1,0,285835,0.512785476325595
112,3814,2,3,2,1904,3,4,1,971600,1.7430418556088236
113,3657,5,1,2,1980,2,1,0,902987,1.676501345113406
114,3125,1,4,3,2021,1,4,0,401992,0.7499016042960313
115,3229,4,2,1,2005,1,3,0,256084,0.4777154829811162
116,2097,3,4,2,1931,1,2,0,844686,1.5757313243208757
117,3560,3,2,3,1973,1,2,0,437554,0.8162412350647418
118,3193,3,1,3,1942,2,4,0,803315,1.4914485790490626
119,4127,5,2,2,1980,4,1,0,520336,1.0026446010523886
120,1863,2,4,1,1968,1,2,0,973469,1.8159713746354487
121,2481,4,2,2,1944,2,4,0,258072,0.4791409567757974
122,2163,5,1,1,2005,4,3,0,298029,0.5742773281246009
123,2029,4,2,1,1908,4,3,0,259047,0.4991622258863852
124,2538,4,3,1,1948,2,2,1,415169,0.7708099750598709
125,3802,2,4,1,1932,1,1,0,180509,0.33673304117960634
126,2737,3,3,2,1999,4,4,1,812072,1.5647958366628782
127,1806,2,1,3,1999,1,2,0,345107,0.6437846846548948
128,4529,5,2,3,1917,1,3,1,577561,1.077419253315539
129,3175,5,3,3,1908,3,1,1,589618,1.0577695068138775
130,1782,5,3,3,1961,1,4,1,202566,0.377879580628047
131,1209,2,2,3,1956,3,2,0,650710,1.1673680175619778
132,4913,4,2,3,1928,4,4,0,958521,1.846990993599014
133,4248,4,4,2,2013,2,1,0,53212,0.09879432325844621
134,1163,1,3,1,1977,3,1,0,282131,0.5061405328991077
135,2498,5,3,3,1924,2,3,1,526657,0.977800531916175
136,3945,4,1,2,1914,4,1,0,661882,1.2753920809510721
137,4243,1,4,3,1905,1,2,0,182152,0.33979799853163917
138,1995,4,1,3,2019,4,4,0,344819,0.6644378030547254
139,3804,5,3,1,1941,2,1,0,72007,0.1336894466449473
140,4263,3,1,1,1928,4,1,0,688093,1.3258985184033802
141,2353,5,3,1,1978,1,2,0,394785,0.7364572052478873
142,1791,2,3,3,1992,4,4,0,670103,1.2912332706155423
143,4081,4,1,3,1903,1,4,0,883247,1.647665481625646
144,3957,4,1,3,1981,3,3,1,919914,1.6503176261429966
145,2136,2,2,1,2013,2,3,1,837071,1.5541205548423442
146,4196,2,2,2,1956,1,4,0,375737,0.7009238469755067
147,3499,3,2,3,1948,1,2,0,562164,1.0486967041072313
148,3652,4,3,3,1943,4,2,0,128038,0.2467186768348639
149,1198,4,1,3,2002,3,3,0,406043,0.728437571199026
150,2660,3,4,2,1979,1,1,1,840168,1.5673031579687855
151,4597,1,3,3,1974,3,2,1,827794,1.485055156259624
152,1354,3,4,2,1913,3,1,0,66473,0.11925197742680664
153,3974,5,1,3,1902,4,2,1,703059,1.3547367673412782
154,2207,4,3,2,2014,1,4,1,175801,0.3279504366675123
155,3277,2,4,3,2013,4,3,0,944030,1.819068030525442
156,2233,5,4,1,1961,2,1,0,660911,1.2270588397177882
157,4010,4,2,1,2005,2,1,0,558252,1.0364603575823896
158,702,3,2,1,1963,1,4,1,275097,0.513183550013496
159,3755,5,2,1,2001,3,2,1,348964,0.6260383471600222
160,4718,4,3,3,1944,1,1,0,265933,0.496088437917313
161,4996,1,1,1,2005,1,2,0,369733,0.6897236011193868
162,1266,1,1,2,1981,2,4,1,771167,1.4317620439796697
163,4889,2,2,1,1957,2,3,1,330558,0.6137197231388684
164,2827,4,2,1,1919,3,1,0,439522,0.7884986027798491
165,3431,1,2,1,1957,3,2,1,74220,0.13315002729856618
166,697,3,4,3,2011,1,1,0,634819,1.1842319910286827
167,2430,4,2,1,1988,4,2,0,422146,0.8134405610141556
168,4082,3,4,2,1956,1,2,1,557409,1.0398264227871363
169,1108,3,1,1,2001,3,2,1,747785,1.3415197138703625
170,3772,1,3,1,1976,4,4,1,59387,0.11443385605204753
171,1647,4,3,1,1967,2,3,0,295752,0.5490982991117038
172,4782,5,3,2,2018,3,1,0,651103,1.168073056105879
173,3897,1,3,1,1977,3,3,0,601872,1.079753075050426
174,3011,1,4,2,1996,4,2,0,619071,1.1928988111875851
175,2294,4,4,2,1991,3,2,0,745169,1.3368266328758456
176,1159,4,2,1,1951,3,3,0,759687,1.36287179720245
177,3311,3,4,2,1936,3,3,1,698782,1.2536087628098447
178,1869,4,2,3,1907,3,1,0,690102,1.2380369191430223
179,2486,3,2,1,1943,3,2,0,300139,0.5384467265341465
180,646,1,3,1,1997,3,3,0,967184,1.7351195904437675
181,3719,2,4,2,2007,3,4,0,550228,0.9871041932152448
182,3411,5,4,2,1904,3,2,1,716217,1.2848869994839285
183,2234,1,2,1,2017,2,2,0,747621,1.3880461314891905
184,2343,4,2,3,1968,3,1,1,910020,1.632567877152266
185,988,5,1,2,1930,2,4,1,984499,1.8278379398184064
186,3476,2,1,2,1944,2,1,0,296509,0.550503758457465
187,2459,2,2,3,1908,1,4,0,63580,0.11860620112127024
188,2885,3,1,3,2005,1,1,1,592528,1.105339653003838
189,3419,5,1,1,1931,2,4,1,828639,1.5384655572155832
190,2302,3,2,3,1932,2,4,0,395590,0.7344592636587374
191,4561,1,2,1,1966,3,4,1,518968,0.9310240281202141
192,3869,5,4,3,1929,1,3,0,940965,1.7553363327787992
193,762,1,2,2,2013,4,2,0,828559,1.5965649272842282
194,1123,3,2,1,1975,1,4,1,533663,0.9955291146426618
195,1516,5,3,1,1928,2,3,0,478082,0.8876153433820281
196,4143,3,4,1,1902,2,3,0,655262,1.216570808219499
197,2549,5,4,3,1989,3,1,0,647689,1.1619483701290896
198,4223,3,4,2,1956,3,2,1,263165,0.4721156956888597
199,3608,2,3,1,1929,1,2,1,455427,0.8495826731370988
200,4590,3,2,1,1908,3,1,1,502201,0.9009441775716415
201,2556,2,4,1,1925,4,2,0,214340,0.4130155203360309
202,3670,3,4,1,1901,4,1,1,840078,1.6187610912235335
203,2182,5,1,2,1961,3,3,1,760731,1.3647447240213628
204,2755,5,4,3,1902,4,3,1,822411,1.5847182378234372
205,1654,5,2,2,1945,4,4,0,354960,0.6839786745286812
206,4999,4,2,1,1967,1,1,0,139460,0.2601576094427862
207,3691,1,1,2,1924,4,3,1,356256,0.6864759597500841
208,2196,5,4,1,1950,2,3,1,101048,0.18760747155941276
209,4491,2,4,3,1912,2,1,1,780806,1.4496579787667134
210,2148,5,4,3,2002,1,3,0,182850,0.3411000924036531
211,1945,4,3,3,1943,3,2,1,882184,1.5826303379460833
212,4699,2,4,1,1934,1,3,0,528193,0.9853250265625526
213,4423,4,2,2,1954,3,1,0,907158,1.6274334743211087
214,753,2,2,3,1986,3,2,0,786200,1.4104358860432866
215,3683,3,3,1,1908,3,2,1,994793,1.7846498936462212
216,3057,1,3,1,1901,3,3,1,356932,0.6403328690882757
217,598,1,4,2,1960,3,4,0,316891,0.5684996672146313
218,2700,4,1,3,2017,1,2,0,574333,1.0713975355234744
219,3461,1,3,1,1940,3,1,0,582046,1.0441854054031425
220,4933,4,3,2,1943,4,4,0,829685,1.5987346365120827
221,4277,4,4,3,1963,4,4,1,961508,1.8527466964974173
222,3369,4,4,2,1930,3,2,1,728797,1.3074554088535857
223,3734,1,3,2,2007,4,3,0,724945,1.3969092861341976
224,4291,4,1,1,1946,2,4,0,190926,0.35447652714504435
225,1456,1,3,1,1901,1,3,0,233148,0.43492920067665797
226,4567,4,4,1,1995,1,2,1,893382,1.6665719592658486
227,660,5,4,2,1981,3,1,0,722709,1.2965335903923398
228,4993,4,3,1,1976,3,4,1,801588,1.4380418227189848
229,1800,2,1,2,2009,2,1,0,726708,1.3492186925223433
230,4487,4,3,2,1968,3,3,1,215368,0.3863682980226031
231,2027,3,3,1,1957,4,3,1,544496,1.049198930488418
232,1718,4,4,3,2005,2,1,0,69455,0.12895135912792943
233,4996,2,1,3,1943,4,2,1,784184,1.5110579583800974
234,3604,2,2,3,1973,1,2,1,515139,0.9609732595062918
235,3235,1,1,2,1955,4,4,1,281897,0.543192293254484
236,1454,5,3,2,1942,1,4,1,482509,0.9001031691856398
237,3946,4,3,2,1988,4,2,0,542646,1.0456341329115697
238,1545,1,3,1,1933,1,2,0,662840,1.2365041577732427
239,2193,5,1,2,2000,3,1,0,882548,1.5832833507450146
240,3936,4,4,1,1929,4,3,0,432605,0.8335941922878075
241,1062,3,3,1,1970,1,3,0,614772,1.1468350342202822
242,2985,4,3,3,1969,4,4,1,997719,1.922522310040797
243,3854,2,1,3,2017,2,2,1,393782,0.7311024994617279
244,725,2,2,3,1954,3,1,1,708764,1.2715163830266902
245,1459,3,2,1,1966,1,4,1,218332,0.40729048605236196
246,3567,1,4,1,1912,2,1,0,150647,0.27969383627593675
247,1315,5,4,1,1902,4,2,0,639930,1.2330923855959517
248,3620,4,3,2,1925,2,2,1,786091,1.4594702015439232
249,516,2,1,1,1956,4,2,0,882441,1.7003911018981406
250,1743,1,3,3,1923,3,3,1,178824,0.32080868339583396
251,2705,3,4,3,1952,2,2,1,823202,1.5283711285988018
252,3024,2,1,1,1969,3,4,0,866037,1.5536627619451409
253,1569,3,1,1,1942,1,3,0,685167,1.2781543725016886
254,3944,4,4,3,1959,4,1,0,695115,1.339429333854531
255,3065,5,2,1,1957,4,4,0,317724,0.6122279704359667
256,1560,2,2,3,1948,3,4,0,951334,1.706684829830964
257,2827,2,1,2,1941,3,1,0,317544,0.5696711434720546
258,3920,4,3,3,1975,1,3,0,745003,1.3897762764068842
259,801,1,2,2,2012,2,4,1,801545,1.4881623663119459
260,4776,5,3,1,1999,4,4,0,932464,1.7967813014585086
261,1106,2,2,1,1965,4,4,1,177319,0.3416791035292744
262,3670,5,2,2,1910,1,3,1,562193,1.048750802563232
263,1199,2,3,1,2002,1,3,0,529389,0.9875561215065765
264,1639,5,4,2,1997,3,3,1,156960,0.2815848596710179
265,690,3,2,1,1989,3,4,0,89015,0.1596921271891925
266,2800,2,2,3,1917,2,2,1,383857,0.7126755721081219
267,1480,5,3,1,1984,1,1,1,778165,1.4516387935755466
268,3475,1,4,3,1999,2,2,1,982478,1.8240857161225235
269,1684,3,2,3,2003,1,3,0,195109,0.363968815579898
270,3827,3,2,2,1951,4,4,1,527508,1.0164644541449053
271,3894,1,4,1,1945,1,4,1,836351,1.5601826818807092
272,627,5,2,2,1943,1,2,1,983671,1.8350028383636523
273,2565,4,4,1,1921,4,2,0,138754,0.2673675259340563
274,2316,1,4,3,1952,1,1,1,271775,0.5069864786054297
275,1069,5,3,3,1958,2,4,0,355292,0.6596412970596833
276,2395,1,1,1,1993,3,2,1,777513,1.394851484438023
277,3233,1,4,1,2013,3,1,1,726894,1.3040414435888434
278,4363,2,3,2,2006,2,3,1,796355,1.4785265221844683
279,4514,5,1,1,2023,4,2,0,959222,1.8483417628429983
280,3401,4,2,1,1929,1,3,1,922510,1.7209091946584305
281,2186,2,1,1,1907,2,1,1,106879,0.19843340741824161
282,3509,1,4,2,1997,3,3,1,169894,0.30478834192754783
283,654,1,4,1,1956,3,4,1,640127,1.1483822086304132
284,3037,1,4,3,2010,2,4,0,79756,0.14807637461100195
285,1909,5,4,2,1972,3,3,1,718043,1.28816282742582
286,4557,5,4,2,2014,2,4,1,230557,0.4280561299612415
287,1284,2,3,3,1919,3,1,1,279303,0.5010671257689494
288,3675,4,4,3,2003,2,4,1,454241,0.8433517287686962
289,4841,2,3,3,1924,1,3,0,724075,1.350735845814466
290,3306,3,2,1,1918,1,3,1,541599,1.0103334369468204
291,1037,1,4,3,1904,1,3,1,545283,1.017205806322894
292,2341,1,4,1,1974,1,2,0,667231,1.2446954101973304
293,2955,1,1,2,1978,3,3,1,792476,1.421694974851233
294,1024,2,2,2,1971,4,1,1,198188,0.3818919471137319
295,3450,2,4,3,1982,2,4,1,611032,1.1344526221388955
296,4631,1,4,1,1986,4,4,0,174697,0.33662672555819534
297,4615,2,2,3,1926,3,2,1,530795,0.9522415621118625
298,2868,5,3,3,1939,3,2,0,690360,1.2384997688741328
299,4347,5,4,1,1995,4,1,0,445340,0.8581334880397873
300,4995,2,1,3,1925,4,3,0,286028,0.5511523898977058
301,3201,1,4,2,1926,3,2,0,743411,1.3336727963359523
302,1471,2,1,3,1961,3,4,0,57176,0.1025732411859717
303,1666,2,1,1,1982,2,2,0,927742,1.7224619079988988
304,3274,2,4,1,1949,1,2,0,826653,1.5420914120085154
305,2482,3,4,2,1941,1,3,1,508034,0.9477191377861498
306,1353,5,1,1,1928,2,2,1,563611,1.0464099700446539
307,4646,4,2,1,1938,4,1,0,199748,0.3848979385839391
308,4236,4,2,2,1959,3,4,0,95177,0.17074670099967168
309,4269,3,4,3,1940,4,3,0,533512,1.0280336674699848
310,1074,2,3,2,1932,1,4,0,160623,0.299636424075209
311,3761,3,2,3,1982,1,1,0,575285,1.0731734572514935
312,1648,3,4,2,2000,4,1,0,502546,0.9683647367863721
313,2215,1,2,3,1982,1,2,1,546184,1.018886589386912
314,4354,5,3,2,1996,3,2,1,694467,1.2458676907565798
315,2991,4,4,3,2010,2,2,0,297439,0.5522304126074754
316,3160,2,3,2,1915,4,4,0,694691,1.3386123207882694
317,3624,4,4,3,1922,3,1,0,978735,1.7558419828626
318,3551,4,3,2,1906,3,3,1,145287,0.26064360032507117
319,504,5,2,1,1925,1,2,0,169574,0.31633419233938787
320,1376,4,2,3,1995,3,4,1,830751,1.4903599882553376
321,1491,4,3,2,1911,4,2,1,171509,0.3304837122203617
322,4642,3,3,3,1971,3,1,1,397591,0.7132747575271385
323,4864,5,3,3,1904,2,3,0,945954,1.7562746234612536
324,4965,1,4,2,2005,3,1,0,499181,0.895526324129959
325,1135,2,2,3,1991,3,4,1,393288,0.705555213368344
326,2193,4,4,2,2016,2,2,1,822793,1.5276117720962703
327,2182,2,2,1,1968,3,1,1,242589,0.435202532637185
328,619,1,1,3,1948,3,4,1,929125,1.666842079140128
329,1330,2,4,1,1925,1,2,0,406459,0.7582346319841204
330,4175,1,2,3,1904,4,3,1,538720,1.038069054378215
331,1869,3,2,3,1921,1,1,0,863819,1.611423247033258
332,1240,4,4,3,1978,4,2,1,54090,0.10422697347660685
333,616,1,4,2,1912,2,2,0,957278,1.7772989585093375
334,3338,2,2,1,1927,2,2,1,468161,0.8691958424978846
335,1650,4,4,3,1932,2,2,0,876671,1.6276426025202078
336,2431,3,3,2,2006,4,1,0,53743,0.10355833306624666
337,1512,4,4,3,1922,4,2,0,80924,0.15593388059938867
338,2164,1,4,2,1996,4,4,1,191268,0.3685576772587103
339,1581,3,4,3,2006,2,1,0,966592,1.7945914926525603
340,1012,2,2,1,1917,4,2,1,928247,1.7886554899009037
341,3349,3,3,1,2013,3,1,0,679600,1.219196423499132
342,1059,3,1,3,2016,1,4,0,381004,0.710749245863612
343,4172,5,1,2,1929,2,4,1,790537,1.4677247223513923
344,3843,3,3,3,1925,1,1,0,798378,1.4893454174079506
345,4570,3,3,2,1915,3,2,0,279602,0.5016035291395001
346,1970,4,3,3,1976,4,2,1,392543,0.756398019031756
347,1080,2,2,2,1938,1,4,0,885227,1.6513591003456856
348,2794,4,1,1,1932,3,2,0,887985,1.5930372809312487
349,3647,4,3,3,1925,3,4,0,558928,1.0027119167061842
350,4749,1,2,1,1947,1,2,0,153976,0.2872366848670762
351,2179,4,1,1,1964,2,4,1,205183,0.3809463209264408
352,4006,5,4,3,2012,1,3,0,687854,1.2831668742697424
353,3244,5,2,3,1937,2,2,0,307443,0.570804012732964
354,3856,1,1,2,1901,4,2,0,694256,1.3377741116283077
355,4545,2,2,2,2012,2,2,0,111600,0.20719849800125154
356,1743,2,1,1,1905,4,1,0,624310,1.2029939325416976
357,3618,4,1,2,1945,1,2,0,708559,1.321791306390156
358,2641,4,4,2,1949,4,1,0,887329,1.7098098751714566
359,3559,4,2,3,1937,3,1,0,874470,1.5687914897841169
360,3459,2,3,2,2005,4,4,1,173323,0.3339791407632821
361,2765,3,4,1,1987,2,1,1,236110,0.4383659261924328
362,2979,5,4,2,1917,2,1,1,694566,1.289543297157144
363,2135,3,1,1,1926,2,3,1,947486,1.7591189612653568
364,2257,3,3,3,1940,4,2,0,320041,0.616692638536268
365,4952,2,2,1,1971,2,1,0,638829,1.1860610150505513
366,2570,3,3,2,1991,2,2,1,156968,0.29142951464391087
367,3349,1,3,3,1973,3,1,1,589180,1.056983738665713
368,3751,4,3,2,1916,4,4,1,975775,1.8802380300265493
369,4230,1,3,3,2018,3,3,0,74815,0.13421745206604996
370,2989,5,3,3,1961,2,1,0,882044,1.6376182076255905
371,2131,4,1,2,1928,2,2,1,476573,0.8848137077773338
372,3316,3,1,2,1957,2,4,1,518304,0.9622922070612964
373,1515,5,4,3,1969,4,2,1,852699,1.6430807183680751
374,1848,4,1,3,1977,1,4,1,854700,1.5944120808170756
375,3587,3,4,2,1921,2,3,1,688751,1.278747067176165
376,3339,1,4,1,2017,2,4,0,981767,1.8227656611755798
377,835,4,2,2,1905,2,2,1,514151,0.9545816751419487
378,1395,3,3,3,1925,2,2,0,931779,1.7299570723038364
379,4046,1,1,2,1938,4,1,1,240732,0.46387072987558736
380,1351,5,2,1,1911,1,4,1,246599,0.4600215569409267
381,2187,5,1,2,1998,1,2,0,244451,0.4560145402688838
382,2431,5,4,3,1913,1,1,1,406686,0.758658092312125
383,4246,5,1,2,1921,2,3,0,746631,1.386208080297244
384,2927,2,3,3,1950,2,2,0,378756,0.7032049669261831
385,2068,4,4,3,1922,1,1,1,188307,0.3512799294517621
386,4500,4,4,2,1947,1,2,1,138757,0.25884618825077216
387,3238,2,2,3,1970,2,4,0,459633,0.8533626096040255
388,3998,3,3,3,2003,2,1,0,934507,1.7350219244772005
389,4413,3,4,1,1949,3,4,1,346753,0.6220718326038766
390,1566,5,3,1,1988,3,3,0,939217,1.6849470383896177
391,4880,1,1,1,1912,3,4,1,304200,0.5457321248211241
392,2944,3,3,1,1984,1,1,0,597933,1.1154224859239459
393,4607,1,4,3,2004,4,2,1,506089,0.9751918058754387
394,3873,4,2,2,1909,2,1,0,769918,1.429443128890032
395,4469,1,4,3,2016,3,4,0,374377,0.6716290456744181
396,3046,4,3,3,1954,4,4,1,423587,0.8162172492888791
397,1253,2,3,3,2022,2,2,0,204473,0.37962812259686296
398,2582,2,4,2,1908,4,3,0,844203,1.6267096263611007
399,3274,5,3,1,1978,1,1,0,517667,0.9656891524983423
400,3396,3,1,3,1951,1,2,0,522650,0.9749847596104418
401,4685,5,4,3,1901,1,2,0,510665,0.9526271735702024
402,1275,4,2,1,1924,3,2,0,414745,0.7440488826723771
403,2125,5,4,3,1912,2,1,0,535820,0.9948127168371917
404,3569,1,1,2,1997,1,1,1,445158,0.8304262233208937
405,917,4,1,3,1950,3,1,0,725748,1.3019855296669334
406,614,2,1,3,1957,3,3,0,961656,1.7252024070578005
407,1116,3,1,1,1933,3,2,1,657539,1.1796191835067624
408,4474,4,1,3,1934,3,4,0,631330,1.132600467992506
409,3767,4,2,3,2001,1,4,0,890172,1.6605838198257845
410,1325,1,3,2,1902,3,2,1,246945,0.44301715832988986
411,2016,3,1,1,2005,1,4,0,621312,1.159035168780413
412,3646,2,1,1,2019,1,3,0,728810,1.3595688178545606
413,912,4,4,2,1958,3,3,1,631253,1.132462330669655
414,1228,4,2,3,1969,1,1,1,322201,0.6010543662704372
415,3848,1,2,1,2018,2,1,0,798609,1.4827113377265366
416,3308,5,3,1,1947,2,1,0,845415,1.5696121701409325
417,1175,2,2,3,1963,4,1,1,442613,0.852878783719752
418,3965,3,4,3,2012,2,1,0,594283,1.1033561378824173
419,3004,4,4,1,1918,1,4,1,164587,0.30703112337128824
420,3467,4,3,3,1966,1,4,1,283076,0.5280680872696555
421,3286,2,4,1,1981,2,1,1,796988,1.4797017609768948
422,1622,5,1,3,2002,3,3,0,520897,0.9344846371563086
423,4579,4,1,3,1972,3,4,1,88886,0.1594607023236372
424,2071,2,4,2,2015,1,3,1,401169,0.7483663274240148
425,2643,1,3,3,1975,3,3,1,539788,0.9683749250261174
426,2187,5,2,2,1904,4,2,0,145149,0.2796901640442967
427,4632,3,3,3,1966,4,2,0,668308,1.2877744535071949
428,4351,4,2,1,1910,2,1,0,576961,1.0711958118754488
429,3940,2,4,1,2020,2,3,1,913945,1.6968461582056795
430,4266,1,4,3,1993,3,4,0,73466,0.13179735792935143
431,2826,3,1,3,1967,1,2,0,287626,0.5365559484697464
432,3414,2,2,1,1968,2,2,1,928977,1.724754830445418
433,4452,2,3,3,1900,4,3,1,559966,1.0790083459013058
434,1095,3,4,2,1990,2,2,0,624694,1.1598177285877582
435,1228,1,3,2,1991,2,2,0,446904,0.8297297271572699
436,1865,1,1,2,1962,4,4,1,643572,1.24011021952832
437,4992,5,2,2,1928,1,3,0,810006,1.5110370328001828
438,1198,4,2,2,1981,2,2,1,951011,1.7656635374791059
439,895,3,4,3,1911,2,3,1,587953,1.0916037499581528
440,4671,3,2,3,1976,2,2,0,594929,1.1045555127005966
441,4860,3,4,2,1940,3,4,0,475716,0.8534303204845689
442,3002,1,1,3,1901,2,3,0,610085,1.1326944054936698
443,2319,4,2,3,1936,4,2,0,790126,1.5225077028134122
444,1217,5,4,2,1944,1,4,1,358094,0.6680114656231543
445,3282,2,3,3,1979,1,2,0,992550,1.8515662932198298
446,4077,2,4,3,1947,4,3,0,965986,1.861375433550999
447,643,3,2,3,1923,3,2,0,676627,1.2138628876441246
448,3640,4,1,2,1998,4,3,1,687719,1.3251778512175743
449,4991,1,2,3,1921,1,3,0,282275,0.5265738506056394
450,3438,4,2,1,1999,4,2,0,452854,0.8726123469546185
451,4136,4,4,1,1910,3,4,1,857605,1.5385358280973707
452,3722,1,3,2,2018,1,1,1,718582,1.3404888520623564
453,1667,3,2,1,1957,3,4,1,231136,0.41465595135652644
454,3116,4,3,2,1945,4,4,1,218082,0.42022604602930996
455,1562,2,4,1,1928,2,2,1,303301,0.563113903604638
456,2656,1,3,1,1934,4,4,0,592383,1.141473234035733
457,3482,5,4,1,2011,3,4,1,173554,0.31135434974097753
458,3794,3,1,2,2017,4,1,1,444655,0.8568135494775488
459,1656,1,3,2,1914,2,4,1,962046,1.786151310108531
460,1232,5,3,3,1959,3,1,1,809277,1.451835821100805
461,4830,5,1,2,1994,4,2,1,528766,1.0188885164971622
462,1453,4,3,1,1941,3,1,1,972879,1.7453363703611124
463,3039,4,1,1,2004,3,3,1,663311,1.189974100746958
464,3824,4,2,2,1942,1,3,1,681469,1.2712558866296149
465,3801,1,4,2,1979,1,1,0,272310,0.5079845018454404
466,2042,1,1,2,1973,3,3,0,857032,1.5375078711364156
467,1691,3,3,3,1948,4,2,0,838898,1.6164873284447872
468,3493,4,1,1,1963,4,3,1,830637,1.6005690620759527
469,3181,5,3,3,1931,4,1,1,549344,1.0585406270573694
470,1717,2,2,3,1963,2,2,1,750457,1.3933114983380397
471,2040,3,1,1,2014,3,3,0,946366,1.6977722815202758
472,3736,1,2,1,1901,3,2,1,627564,1.1258442971112554
473,2886,3,4,2,1923,2,1,1,493333,0.9159306148248335
474,4219,3,3,2,1986,3,3,1,490187,0.8793911672244982
475,1888,3,3,3,1965,3,2,0,319072,0.5724123620346012
476,2356,3,2,2,1937,2,2,0,891741,1.6556218262198392
477,1865,2,4,2,1930,1,3,1,255719,0.4770345886211089
478,999,4,1,1,2014,3,2,0,746248,1.3387623493869631
479,2180,5,1,1,2003,2,2,1,800385,1.4860086901678469
480,1010,3,3,2,1925,4,1,1,749192,1.4436312574022192
481,4812,3,2,1,1928,1,1,0,166196,0.31003265494732035
482,1824,3,2,2,1966,4,1,0,59404,0.11446661365140236
483,1655,4,1,1,2021,3,1,0,476855,0.8554736764680378
484,2327,1,4,1,1977,1,1,0,783478,1.4615500038076528
485,3641,1,4,1,1924,2,1,1,503814,0.9353898214337145
486,3986,2,1,1,1947,3,3,1,687475,1.233324104245241
487,2310,1,1,2,1964,2,1,0,946881,1.7579957077591672
488,3423,3,2,3,1952,1,2,0,601972,1.1229570950200265
489,2714,3,4,1,1966,4,3,1,642879,1.2387748656252087
490,4686,3,1,2,2017,3,2,1,431965,0.7749414112372021
491,1213,2,1,2,1989,3,1,1,783082,1.4048422214634302
492,4102,3,3,1,1917,2,1,1,314826,0.584511418743208
493,4634,1,1,3,1908,1,2,0,161186,0.3006866803072203
494,4022,4,1,1,1937,2,2,0,817469,1.5177271412418019
495,4768,4,4,2,1986,1,2,0,596120,1.1120403996919097
496,1743,5,2,3,1920,3,4,1,591285,1.060760090154038
497,4209,1,4,2,2020,1,4,1,346784,0.6469130677829282
498,1581,3,2,1,1964,3,4,0,520098,0.9330512381828303
499,955,4,3,3,1920,1,4,0,90491,0.1688077028258079
500,1394,1,1,2,1926,4,3,0,113043,0.21782454728630188
501,1884,4,3,2,2005,1,1,1,948607,1.7695922086669518
502,2458,3,2,2,2022,4,2,0,178568,0.34408582362304924
503,3572,4,4,1,1969,1,1,1,426394,0.7954226568245187
504,2496,5,4,3,2018,1,2,0,647013,1.2069794590449265
505,4785,5,3,1,1943,2,1,0,178131,0.3307211079521589
506,1004,4,2,1,1999,2,3,0,95520,0.17734409076236154
507,1714,1,3,1,1927,3,4,1,375063,0.6728597236416347
508,2031,1,3,3,1944,2,1,1,684157,1.2702177669985864
509,3940,1,1,1,1916,1,2,1,638730,1.1915278207327609
510,1323,4,3,1,2022,2,1,1,835313,1.550856621513615
511,1428,1,1,1,1939,1,3,1,202842,0.3783944486920525
512,633,3,1,1,2021,4,3,1,417390,0.8042761408652419
513,2605,5,4,2,2015,1,1,0,752858,1.4044294961270412
514,4127,3,1,1,1902,3,4,1,421831,0.7567611043570663
515,2352,1,1,2,1975,4,2,0,572485,1.1031314274497186
516,4675,3,4,1,2002,3,3,1,697735,1.2517304540173144
517,3433,1,3,3,1975,3,3,0,635765,1.1405568189904731
518,3784,4,2,2,1965,3,1,0,574532,1.0307053554823473
519,4798,3,2,2,2019,2,3,1,915885,1.7004479958949485
520,3311,4,2,2,1945,3,3,0,500953,0.8987052765467343
521,1750,4,3,2,1985,4,2,1,227561,0.4384912980460368
522,4012,2,1,3,1986,1,4,1,964394,1.7990422888352673
523,1756,1,2,1,1929,3,2,1,907735,1.6284686072468872
524,3876,5,3,2,1968,4,4,1,340534,0.6561809610997011
525,3986,1,1,3,1908,3,2,0,584535,1.048650649514516
526,4084,5,4,2,1984,1,1,1,250123,0.4665954520769971
527,1896,1,2,1,1910,4,3,0,765079,1.4742441974581049
528,4137,4,1,2,1968,4,4,0,477894,0.9208623638866621
529,3830,3,2,3,1998,1,1,0,531018,0.990594962362609
530,3203,3,2,1,1990,4,3,1,257358,0.4959076620446032
531,970,2,2,3,2012,1,3,0,866015,1.6155198059773017
532,1853,5,1,1,1965,4,3,1,566456,1.0915140411844113
533,3283,5,3,1,1987,4,2,0,189148,0.3644726119274031
534,3331,5,1,1,1930,1,1,1,985510,1.8384334266596891
535,857,4,2,2,1932,1,1,1,196123,0.36586039607591825
536,3519,5,1,3,1938,4,3,1,447530,0.862353437603732
537,1167,3,4,3,1993,4,4,1,602958,1.1618503877520412
538,4968,4,3,3,1945,1,1,0,543973,1.0147620484828679
539,1645,1,1,1,1936,2,2,0,961352,1.7848628176568027
540,4685,5,4,2,2014,1,4,1,60236,0.11236808950520344
541,4219,5,3,1,1991,4,4,0,85568,0.16488248597608238
542,3245,1,4,3,1959,4,4,1,681615,1.313415946131584
543,1039,5,3,2,1930,4,4,1,305745,0.5891454243964719
544,3279,1,1,2,1910,1,1,0,422332,0.7878451420564376
545,4636,4,4,2,1986,4,3,1,535119,1.03113022406782
546,4275,3,2,3,2020,2,4,1,328496,0.6098913781309957
547,3008,1,4,2,1901,3,2,1,700009,1.2558099900194288
548,3279,2,3,2,2003,2,2,1,309291,0.5742350416245976
549,1424,1,1,1,2004,1,3,1,488866,0.9119619238337668
550,3456,5,3,1,1926,4,1,0,453562,0.8739766046218664
551,2081,4,4,2,1998,1,3,0,730516,1.3627512994385946
552,3824,4,4,2,1901,3,4,0,105904,0.18999084466487945
553,4985,1,2,1,2002,1,1,1,981539,1.8310256691156097
554,755,3,1,1,2000,4,1,1,958573,1.8470911933146876
555,2338,2,1,1,1920,3,4,1,328252,0.5888812013043512
556,2444,4,4,3,1957,3,2,1,572247,1.0266060855769685
557,509,5,1,3,1904,4,4,1,839285,1.6172330455595116
558,3371,5,2,1,1951,4,3,1,396300,0.7636374484891717
559,1297,3,3,2,1944,4,4,0,316320,0.6095225781127802
560,1515,4,1,1,1984,1,2,1,674747,1.2587162376214804
561,2324,1,4,3,1992,2,4,0,469136,0.8710060444293471
562,4969,5,3,2,1919,1,3,1,235922,0.4401039978127134
563,3636,3,3,3,1960,1,3,0,187901,0.350522551067754
564,2693,4,2,2,1937,2,2,1,173225,0.3216125431565125
565,723,4,4,3,1919,4,3,0,543406,1.0470985902944911
566,4658,4,1,2,2013,4,3,0,810135,1.5610633972540375
567,4425,4,4,2,1924,2,4,1,271738,0.5045134896941227
568,4500,4,3,2,1901,2,1,1,954890,1.7728653562402785
569,2133,5,4,2,2020,1,3,0,685181,1.2781804889976889
570,2652,3,1,3,1931,3,3,1,910359,1.633176040171051
571,1010,4,1,3,1925,2,2,1,528076,0.9804350719579651
572,884,2,2,2,1969,1,2,1,954610,1.7807905890590718
573,904,2,1,2,1940,3,4,0,292726,0.5251478697251426
574,2500,3,1,3,2020,4,4,1,352811,0.6798377285867099
575,3256,1,4,2,1966,4,3,0,771202,1.486042713978668
576,2168,1,4,2,1996,1,1,0,479059,0.8936673183855709
577,1960,1,3,2,1900,1,1,1,756168,1.4106041819671071
578,4136,2,2,1,1950,2,4,0,473759,0.879589186510528
579,3224,1,4,2,1904,4,2,1,515996,0.9942817786288636
580,4678,5,1,1,1912,1,3,1,56611,0.10560578250513102
581,2548,4,3,2,1918,4,3,0,400386,0.7715108338399835
582,4646,2,4,3,1911,4,1,0,921044,1.7747759023625047
583,1216,3,2,1,1947,2,4,0,883334,1.640013244027218
584,2323,3,2,1,1924,3,1,0,821812,1.4743235008661986
585,2581,4,3,2,1956,2,1,0,345187,0.6408801785802689
586,3919,2,3,2,2014,1,4,1,186343,0.3476161581557229
587,2074,1,3,1,1934,2,2,0,909299,1.6882203139250898
588,749,1,3,3,1975,2,3,1,389233,0.7226567470656016
589,1173,5,3,3,1993,4,2,1,895177,1.7249323245677295
590,2665,5,1,2,1904,2,4,0,540092,1.0027441862230462
591,1270,1,1,3,1997,1,4,0,240191,0.4480676636287987
592,4462,3,4,3,1921,3,3,0,716933,1.2861714971873206
593,4863,3,2,2,2002,2,2,0,726769,1.3493319461816449
594,2484,5,1,3,1976,2,3,0,922402,1.7125475712665807
595,1577,4,1,2,1956,3,1,1,336608,0.6038717918204765
596,735,1,1,1,1946,1,1,1,299220,0.558184138085978
597,888,5,4,2,1953,1,1,1,486056,0.9067199699937107
598,3537,5,3,1,1902,2,2,0,692811,1.2862849336805116
599,2348,1,4,1,2023,4,1,0,594950,1.146419631538311
600,3314,1,2,3,1952,2,3,1,854660,1.5867765976859287
601,3874,3,2,3,1983,3,2,0,635009,1.1392005616388468
602,3778,4,2,3,1930,3,3,0,712746,1.2786600560084054
603,1752,4,2,2,1968,3,4,0,843294,1.5128620199503782
604,4481,1,1,3,1987,2,2,1,614396,1.1406982829567827
605,2622,2,1,1,2003,2,3,0,141788,0.2632460630340632
606,2650,5,4,3,2017,1,3,1,518239,0.9667561979063537
607,1829,5,3,3,1932,4,2,0,294437,0.5673558400726879
608,1858,1,2,2,1971,2,4,0,811299,1.506271812096034
609,2982,2,4,2,1987,1,2,1,916572,1.7098320694263118
610,2517,3,1,1,1949,2,1,0,732561,1.3600854739632153
611,1831,1,1,2,1983,1,1,0,905010,1.688263574658081
612,4844,1,3,3,2023,1,4,0,99966,0.1864829742259972
613,4761,5,3,2,1915,4,3,1,235846,0.4544558104374897
614,1858,1,3,1,2013,2,3,0,322530,0.5988147989278105
615,3677,1,4,3,2015,1,3,0,651516,1.2153796434370163
616,2628,1,1,1,1975,3,2,0,196297,0.3521550917357403
617,2680,5,1,2,1976,3,2,0,459909,0.8250727014936172
618,637,3,3,2,2008,3,4,0,384341,0.6895043740495583
619,3972,3,2,1,2005,4,1,1,93021,0.1792438029167581
620,3332,1,3,3,1938,1,3,1,431059,0.804125046384612
621,4079,5,4,2,1988,4,1,0,199333,0.38409826777615963
622,3531,3,3,2,1945,2,2,0,470594,0.8737129925483957
623,4664,3,3,3,1995,2,2,1,953606,1.7704814595428449
624,3093,3,4,2,1987,1,2,0,826934,1.542615607392521
625,4800,5,3,1,2011,3,1,0,136755,0.2453372673567154
626,4318,5,1,2,1946,1,4,0,979441,1.827111925643568
627,4638,1,2,2,1943,1,4,0,116330,0.21700942712232413
628,4323,4,3,3,1908,1,2,0,752726,1.4041832548790385
629,4542,3,4,1,2003,4,3,0,908754,1.7510940849465777
630,2406,4,2,3,2013,2,1,0,938750,1.7428995519594523
631,1260,5,4,2,1986,1,2,0,619601,1.1558433598763789
632,3945,5,2,2,1949,1,1,1,284729,0.5311516992616885
633,1399,5,2,3,1976,1,1,1,807071,1.5055618959601242
634,4955,4,3,3,1959,4,4,0,339176,0.6535642069865336
635,3447,5,1,3,2022,4,2,0,535179,1.0312458391243664
636,2219,1,3,1,1995,4,4,0,198430,0.3823582611751358
637,780,5,4,2,2013,1,2,0,898142,1.6754515679059436
638,3766,2,4,3,1914,3,1,1,407470,0.7309975966497811
639,2387,4,2,2,1935,3,4,1,398301,0.7145484912832957
640,3766,2,2,1,2012,3,1,1,492037,0.8827100509553302
641,1166,5,1,1,1962,2,2,1,78365,0.1454938198554487
642,4688,1,3,1,1968,1,3,0,325333,0.6068969995184997
643,1171,3,4,1,1985,3,4,0,519965,0.9328126373524517
644,2469,5,2,2,1979,3,4,0,581536,1.0432704698881565
645,4656,1,1,1,1940,3,1,1,54369,0.09753750787113641
646,3622,4,4,1,1973,1,1,0,506979,0.9457510732661287
647,4400,2,2,3,1923,3,3,0,975554,1.7501352968367747
648,1023,2,4,1,1981,3,4,1,865037,1.5518687707392858
649,2893,2,1,3,1948,1,2,1,886048,1.652890646289702
650,3617,4,1,1,1917,2,2,1,497695,0.9240291797735921
651,3093,1,4,1,1906,4,4,1,415863,0.8013337376761352
652,2468,4,3,3,1903,3,4,1,221955,0.3981853180955707
653,2253,2,4,1,1989,4,4,0,607343,1.1702999214679763
654,2796,5,2,2,1968,2,3,0,774091,1.4371907931566918
655,2761,3,3,2,1959,2,2,1,428824,0.7961620851871747
656,2786,4,2,1,1954,3,2,0,319594,0.5733488254440576
657,4702,4,4,2,1915,1,1,0,183997,0.343239779611676
658,3378,1,3,3,1998,2,1,0,523267,0.9715065990467822
659,4643,1,2,1,1989,4,4,0,100272,0.1932158825003942
660,4144,4,4,1,1981,4,1,1,55310,0.1065778129597176
661,4932,2,4,3,1928,4,3,0,81817,0.15765461802432137
662,2555,3,3,3,1922,4,2,0,558350,1.0758944470449887
663,1776,1,4,3,2016,2,2,0,536160,0.9954439667414966
664,3266,2,1,1,1913,3,1,1,487744,0.8750084467085941
665,802,5,2,3,1978,3,4,0,790176,1.4175687950777665
666,1138,1,2,3,1948,4,1,1,132641,0.2555882785895842
667,555,2,4,2,1932,3,4,1,789443,1.4162537995238746
668,1025,2,4,2,1924,4,3,1,781670,1.5062136875108019
669,4623,3,1,1,1920,4,2,1,589745,1.1363900253829082
670,2625,3,3,2,1916,1,3,0,92311,0.17220284730584426
671,3787,5,4,2,1922,2,2,1,971484,1.8036740648050882
672,864,2,4,3,1956,2,3,1,201958,0.3749587299223724
673,2146,2,4,3,2006,4,1,1,520328,1.0026291857115157
674,1418,3,4,2,1980,2,3,1,494093,0.9173416440226916
675,3297,1,2,2,1957,3,3,1,697861,1.251956496909252
676,2031,1,4,2,1913,4,1,0,409571,0.7892095720796329
677,3845,4,2,1,1992,1,2,1,872613,1.6278281374494337
678,2406,3,4,1,1919,3,2,0,214334,0.3845133111157489
679,3586,4,3,1,1929,1,1,0,968451,1.8066104762833484
680,2575,3,1,2,1918,1,3,1,443238,0.8268445324408553
681,1213,5,3,2,1952,2,3,0,837560,1.555028440734124
682,1562,2,4,1,2002,2,3,0,653810,1.213874999804644
683,2476,5,4,1,1955,4,4,0,213394,0.41119265627781554
684,1796,3,4,2,1976,2,2,1,98929,0.18367329936170085
685,625,2,3,3,1981,1,3,1,655984,1.2237145365891056
686,4096,1,4,1,1922,1,2,1,427389,0.7972787935045387
687,3783,1,3,2,1961,3,3,1,846240,1.5181471180428272
688,2103,4,2,2,2009,1,1,1,669436,1.2488087583173744
689,566,3,1,3,1932,4,1,1,496098,0.9559399720428491
690,732,3,1,2,2002,4,2,1,858157,1.653597834678582
691,2656,1,3,2,2003,2,2,0,384678,0.7141998549652817
692,1669,5,2,1,1917,2,1,0,352094,0.6537038347244862
693,2658,2,3,1,1972,2,4,1,794314,1.4747371661412734
694,4706,5,2,3,1932,4,1,0,133576,0.2573899465540994
695,1993,5,4,3,1931,1,3,1,70557,0.13162154344940963
696,4507,1,2,2,1960,2,4,1,596113,1.1067537476614702
697,2972,1,2,1,1953,3,1,1,321142,0.5761259238307214
698,3160,1,2,3,1916,2,4,0,86080,0.15981762283107287
699,3239,4,1,3,1918,4,4,1,833103,1.605320840900011
700,2261,5,2,3,1990,2,4,1,238869,0.4434883335041304
701,4014,3,4,2,1969,1,2,1,721162,1.3453017491824077
702,2475,2,4,1,1998,2,1,1,978671,1.8170175738116743
703,2862,4,4,3,2019,4,2,0,543844,1.04794258020728
704,1376,3,2,1,2000,4,2,1,616695,1.1883204549483466
705,4312,5,3,3,1933,3,3,0,170283,0.3054862045066255
706,3948,1,3,3,1983,4,3,0,63338,0.12204710752562996
707,1812,5,4,1,1924,3,4,1,650577,1.167129416731599
708,1960,2,1,1,1967,1,4,1,514736,0.9602214775142838
709,3209,4,3,1,1973,4,3,0,724255,1.3955797129839138
710,2824,4,2,2,1973,2,3,0,228982,0.4251319576104174
711,2233,2,3,3,1987,1,1,0,967461,1.8047636669233285
712,2105,3,4,2,1984,2,4,0,159367,0.2958835397039915
713,3063,3,1,1,1910,2,4,1,378042,0.7018793421271428
714,3921,4,3,3,1990,2,3,0,970958,1.8026974840707812
715,4017,4,3,2,1915,1,1,0,691774,1.2904794931498207
716,2897,1,4,3,1989,1,3,0,398684,0.7437306493839652
717,4235,3,1,2,1960,4,3,0,544775,1.0497365405013588
718,3370,2,1,1,1993,2,2,1,788497,1.463937222925563
719,1660,3,4,2,2012,3,4,1,493853,0.885967938985163
720,742,1,2,3,1979,4,1,1,830343,1.6000025482988753
721,3090,4,3,3,1906,1,2,0,710709,1.325802053990199
722,1563,4,2,3,1915,3,4,0,961848,1.7255468533693246
723,4824,1,3,3,1998,1,3,1,876395,1.6348833222975092
724,3095,2,3,1,2021,3,1,1,450966,0.809029038139655
725,1419,4,2,2,1915,4,4,0,407073,0.7843961318920832
726,505,5,4,1,1939,3,3,1,727823,1.3057080614190828
727,967,4,4,1,1911,4,2,0,649223,1.2509992309373845
728,4670,5,3,1,1934,1,1,0,764152,1.4254980465432667
729,503,1,4,3,2012,3,4,0,850118,1.5251042159391333
730,1145,1,3,3,1920,2,2,0,549555,1.0203133563537437
731,617,4,4,3,1949,2,3,0,113528,0.21077805628213336
732,3428,3,3,2,1942,1,3,0,674099,1.2575074169494675
733,3051,5,4,3,1999,3,4,1,558907,1.0026742428908613
734,4789,2,1,2,2011,2,3,1,334931,0.6218387108786485
735,1346,4,2,3,1916,4,1,1,982280,1.8927726290737914
736,3262,2,1,3,1931,3,4,0,427757,0.7673922962429638
737,1641,4,2,1,1940,3,2,1,762787,1.368433169940601
738,2310,3,2,1,1905,2,4,0,834429,1.5492153717624222
739,1223,3,3,1,1987,4,4,0,154887,0.2984544877217823
740,724,3,2,2,1926,4,2,0,111086,0.21405356952527915
741,4708,3,1,2,1919,4,3,0,938663,1.808726263717364
742,2548,1,1,3,1924,3,2,1,305494,0.5480535494415006
743,4915,1,4,2,1965,1,1,1,558889,1.0425873095071658
744,2073,5,1,3,1908,3,3,1,637596,1.143841616888394
745,2328,2,4,2,1991,3,4,0,327941,0.5883232700393303
746,2417,4,2,2,1952,2,3,1,317446,0.5893757562410868
747,4734,4,1,2,1960,1,3,1,506388,0.9446485840421169
748,2526,1,2,1,1937,4,1,1,612347,1.1799422171839484
749,4244,4,1,2,1902,2,3,0,181980,0.3378672281923634
750,1401,1,1,1,1983,3,3,1,765612,1.3735011950971416
751,2539,5,4,1,1969,1,3,0,523875,0.9772699530104663
752,509,2,2,2,2002,4,4,1,193949,0.3737237433687266
753,760,5,1,3,1996,4,3,0,326383,0.6289131500132257
754,2173,3,3,3,1954,3,2,1,77313,0.13869884209827602
755,2719,3,2,3,1900,4,3,1,92103,0.17747489255159773
756,2560,3,2,2,2000,4,1,1,229480,0.4421890529379135
757,4213,5,2,3,1969,1,3,0,526467,0.982105235698518
758,2119,4,4,1,1944,2,3,1,138771,0.2576446484420401
759,820,2,3,3,1997,1,4,1,176228,0.3287469897955208
760,1842,3,2,2,1946,2,2,0,141665,0.2630176990980941
761,2876,3,1,3,1978,2,3,0,846966,1.572491783674982
762,3332,3,1,1,2008,2,2,0,879492,1.6328801201085728
763,3324,2,4,2,1925,4,1,0,853621,1.644857336403672
764,2494,3,1,3,2020,1,4,1,964863,1.7999171914512766
765,3458,2,2,2,1913,4,2,1,660355,1.2724496777619656
766,2538,3,1,2,2021,3,4,0,847399,1.5202263538504133
767,3990,5,2,2,1953,1,3,1,787351,1.4687749458797301
768,4177,5,1,3,1970,2,1,0,901995,1.6746595806867284
769,1618,2,3,2,1945,4,4,1,320804,0.6181628766720167
770,2104,5,4,3,2021,4,3,0,430815,0.8301450097675056
771,4527,2,4,1,1930,1,2,1,534091,0.9963275332346704
772,735,5,3,3,1987,1,1,0,179909,0.3356137627795943
773,2469,5,3,1,1958,2,1,0,483039,0.8968185956633202
774,4929,2,4,3,1994,2,2,1,499058,0.9265597492429085
775,2408,4,3,2,1928,3,2,1,190688,0.342092595062099
776,875,5,2,3,2005,2,1,1,125976,0.2338892292491547
777,4030,3,1,2,1995,4,4,0,807496,1.5559782616836038
778,3135,4,4,1,1916,3,1,1,229810,0.41227711901756253
779,2070,2,3,3,1913,3,2,0,325251,0.5834974336955799
780,3060,4,2,2,2003,3,4,1,766764,1.3755678729662866
781,3891,1,4,1,1935,1,3,1,668470,1.2470067200933552
782,3465,1,3,1,1957,2,1,0,817441,1.517675155955565
783,4143,5,4,3,2011,3,2,0,928219,1.6652167231076231
784,4350,5,3,1,1923,1,3,1,852386,1.5900953971210294
785,1372,3,4,2,2008,1,1,0,329087,0.6138999513745748
786,1752,4,2,1,1962,3,1,0,90725,0.16275985215120475
787,1814,1,2,1,2017,3,4,1,881866,1.5820598487426214
788,3398,5,1,2,1990,4,2,0,922183,1.7769706615192777
789,577,4,4,1,1924,3,3,1,584398,1.0484048727193138
790,3121,5,1,1,1958,4,1,1,548864,1.057615706604998
791,4727,5,4,1,1931,3,4,0,328606,0.5895162741912239
792,1100,1,3,1,2015,3,3,1,391376,0.702125102182749
793,1565,1,3,2,1981,2,3,0,759441,1.4099913487506135
794,2636,5,1,1,2009,3,1,1,496015,0.8898465479722217
795,2949,2,4,2,1917,3,3,0,640855,1.1496882342282757
796,2843,5,1,1,1936,4,1,0,532517,1.0261163844489232
797,2363,5,2,1,1925,4,4,0,756584,1.4578750323687395
798,1818,3,1,1,1908,2,4,0,439569,0.8161114387805747
799,4097,3,1,1,2023,3,3,0,892495,1.6011281812696554
800,4262,3,3,2,1998,3,1,1,163394,0.29312739908948965
801,2690,2,1,2,1963,4,2,1,891672,1.718178478347809
802,1492,2,4,2,1971,1,4,0,917784,1.712093011794336
803,3212,5,3,3,1919,1,1,1,198940,0.37111540816397454
804,2692,3,1,1,1953,1,1,0,393133,0.7333754587198542
805,1748,2,2,1,2005,4,1,0,72222,0.13916584356493805
806,3554,1,1,2,1985,4,3,1,129794,0.2501023441564561
807,4533,5,1,3,1982,1,2,1,638212,1.1905615103807505
808,2497,4,1,1,1929,1,3,0,674142,1.2575876319014685
809,4187,5,3,2,1952,3,4,0,914945,1.6414032838411026
810,2651,4,4,1,1991,4,3,0,834326,1.607677461135949
811,4518,3,2,1,1998,4,1,0,891081,1.7170396700408266
812,3610,4,1,2,2006,1,3,0,415130,0.7744100703282937
813,2470,3,4,2,1962,1,1,0,818103,1.5261416948083446
814,697,1,4,1,1910,2,2,1,920181,1.7084240240975774
815,3126,4,3,1,1930,4,3,0,283127,0.5455624019136859
816,1702,5,2,2,1948,2,3,0,554434,1.0293717924805188
817,2535,3,3,1,2011,3,3,1,191295,0.343181547724053
818,977,5,4,1,2002,2,1,0,229238,0.42560725165601165
819,1754,2,4,2,1999,1,1,0,89369,0.16671465221778548
820,1422,3,4,1,1993,4,3,1,922811,1.778180765777797
821,919,4,3,1,1986,4,3,0,905824,1.7454482163518936
822,2704,3,2,3,1918,2,2,1,849093,1.5764408088116189
823,3097,5,1,2,1911,2,2,0,720951,1.338530146348569
824,1620,1,3,3,1914,3,4,1,383862,0.6886450522619537
825,3568,3,4,3,1930,3,2,1,760595,1.3645007412173664
826,1450,4,3,3,1942,1,2,1,320114,0.5971611429023954
827,2836,2,4,1,2000,1,2,0,97922,0.18266996580995634
828,2743,1,1,1,1936,1,1,0,543614,1.0140923469068606
829,3145,2,1,3,1978,2,2,1,867187,1.6100344434248326
830,2357,3,2,3,1928,2,2,1,695214,1.2907463852100545
831,2365,5,4,3,2013,4,3,0,69416,0.13375891275378335
832,3412,5,2,1,2006,1,1,0,63672,0.11877782380927208
833,3353,4,2,3,1925,2,4,0,526684,0.9778506605850463
834,3728,5,1,3,2007,4,4,0,178145,0.3432707374743969
835,4219,1,3,2,1901,1,2,0,752356,1.403493033199031
836,3728,5,3,2,1983,3,4,1,910527,1.6334774306936346
837,2871,4,2,1,1914,3,4,0,50064,0.08981437572993016
838,3391,3,1,2,2015,2,4,1,118835,0.22063112464138643
839,4256,3,4,2,1903,4,2,0,251457,0.48453692123326175
840,4725,5,3,2,1985,3,4,1,973143,1.745809984039458
841,594,2,2,1,1949,4,2,1,297795,0.5738264294040698
842,3174,3,3,2,1937,4,3,0,454271,0.8753427892067235
843,2455,5,3,1,1922,3,3,1,399738,0.7171264566461095
844,1293,4,4,3,1958,4,4,1,996931,1.9210038989648206
845,2334,5,1,2,1989,3,3,1,691204,1.2400138974518746
846,2616,3,4,1,2014,2,2,1,956740,1.7763000983666433
847,4606,4,1,2,1974,1,3,0,918948,1.7142644118903594
848,3825,5,3,3,1927,1,4,1,901098,1.6809658794900026
849,3419,1,2,1,2019,2,2,0,245346,0.45551364418113854
850,3097,4,4,1,1965,3,1,1,954726,1.7127700480012247
851,3705,1,1,1,2022,3,2,0,323010,0.5794770994032586
852,1314,2,3,3,1907,3,3,0,53889,0.09667639209232595
853,845,4,1,3,1928,3,1,0,168194,0.30173855687759416
854,2849,1,1,3,1910,2,2,1,174714,0.3243770464138948
855,862,3,1,1,2000,1,1,0,605623,1.1297679040840996
856,2943,3,3,3,1917,4,1,0,100547,0.19374578484289867
857,2765,2,2,2,1954,4,1,1,207234,0.39932284380571537
858,2688,4,2,3,1949,1,2,0,794809,1.4826875763918792
859,3505,4,2,1,1913,2,3,1,730047,1.3554179379060904
860,3781,4,1,2,2017,4,2,1,935188,1.8020302250257165
861,1484,2,3,3,1973,1,3,0,323139,0.6028041715024559
862,2139,4,1,2,1998,2,2,1,499704,0.9277591240610878
863,1327,3,2,2,1908,4,2,1,52631,0.10141560068491949
864,3230,1,2,1,1998,3,2,1,187039,0.33554632115193367
865,4031,3,3,2,1910,3,3,0,924726,1.6589503118255713
866,4951,3,1,2,1962,2,2,1,399422,0.7415738214037266
867,3435,1,4,1,2007,3,1,1,638759,1.1459280286608033
868,4376,3,4,1,1975,2,2,1,349260,0.6484421811103684
869,626,2,2,1,1966,1,1,0,928548,1.7321728662905511
870,3677,1,3,2,1952,1,4,1,477443,0.8906527285615387
871,3556,3,1,2,1938,4,4,0,707302,1.3629126787567198
872,1103,5,1,2,1977,2,3,1,621952,1.1547268837712759
873,3949,3,2,1,1955,4,3,0,733429,1.413257255129863
874,4646,2,2,3,1927,4,4,0,137342,0.264646718269997
875,4033,4,1,2,1974,1,2,0,64407,0.12014893984928676
876,3867,3,1,3,1938,4,2,1,163926,0.315871895990502
877,3868,4,2,1,1924,3,2,1,371345,0.6661896643382653
878,4297,5,1,2,1920,4,4,1,916525,1.7660681616869494
879,2292,3,4,3,1909,2,1,0,497564,0.9237859628986982
880,3361,1,2,2,1942,3,3,1,787341,1.4124828300091672
881,3976,4,1,2,1914,1,1,1,592166,1.1046643550358306
882,3917,5,2,2,1982,2,4,0,133100,0.2471157713617077
883,2145,1,3,3,1947,3,1,1,915061,1.6416113868209816
884,1705,1,2,1,1985,2,2,1,498636,0.9257762567146242
885,3530,1,2,2,1920,3,2,0,544308,0.9764837652765825
886,3372,1,3,1,1959,2,1,0,273059,0.5069660812340837
887,3572,3,4,1,2015,2,4,1,617456,1.1463795320955266
888,2354,3,1,3,2007,3,1,0,300396,0.5389077822740512
889,4521,3,3,3,1995,1,2,1,824769,1.5385768778324778
890,3208,5,2,1,1949,1,2,1,367006,0.6846364807913323
891,4002,5,1,2,1922,2,4,1,78004,0.14482358098646617
892,1832,5,3,3,1912,2,1,1,856903,1.5909409904369753
893,701,2,1,2,1968,1,2,1,574252,1.0712464329394729
894,4007,5,1,2,1903,1,2,0,666108,1.242600494125308
895,4712,3,3,2,1991,4,1,0,241239,0.4648476771034047
896,1074,3,1,1,1977,1,1,1,676517,1.262018108901516
897,1036,2,4,2,1971,2,3,0,527044,0.9785190428366632
898,2125,2,3,1,1908,3,4,0,901740,1.617713629967786
899,2622,5,4,1,2020,1,4,1,396113,0.7389345414399138
900,885,4,2,2,2014,4,1,0,64568,0.12441721618483179
901,3781,2,1,2,1934,4,4,0,583754,1.1248458619867472
902,974,1,2,2,2000,4,2,1,272129,0.5243701620487252
903,917,3,2,2,1920,3,1,1,631612,1.133106373512557
904,4100,1,1,1,1957,1,1,1,938640,1.7509991289787528
905,1454,3,3,2,1917,1,1,1,196539,0.3666364290999266
906,1705,3,1,2,1996,1,3,1,650243,1.213004907764991
907,4620,2,2,1,1971,3,4,1,197748,0.35475817297543605
908,2490,2,2,3,2014,3,3,1,144791,0.25975378068696703
909,4072,1,3,3,2012,2,2,0,736874,1.3680930646610594
910,4880,3,1,1,1980,4,4,1,945150,1.8212261782476422
911,4658,1,2,3,1942,4,3,0,596938,1.150250343745216
912,3213,4,4,1,1994,1,1,0,400434,0.7469952113840002
913,2703,1,2,2,1997,3,3,1,127701,0.22909447097890326
914,3620,5,2,2,1905,3,1,0,847115,1.5197168603479505
915,1466,1,3,3,1985,1,3,0,279164,0.5207703921015773
916,3932,5,4,2,1977,1,3,0,503035,0.9383936832500499
917,1188,5,2,3,1966,2,3,1,655266,1.2165782346889613
918,4743,5,2,3,1911,4,1,0,579148,1.1159704794791996
919,4201,4,4,2,1999,4,3,0,709089,1.3663560805241943
920,841,1,1,2,1911,4,4,1,605639,1.1670164538620575
921,2224,1,1,3,2008,2,4,0,555920,1.0321307258858043
922,4922,4,2,2,1965,1,4,0,374888,0.6993400680394898
923,2292,3,2,1,1901,1,1,0,729706,1.3612402735985785
924,2259,2,1,2,1914,4,1,0,956630,1.8433471924001925
925,3712,1,3,2,1922,4,4,0,910587,1.754626124924071
926,1489,2,4,1,1928,2,4,1,171449,0.3183151907152023
927,2762,4,4,2,1980,3,4,0,650988,1.1678667471172055
928,2982,3,3,2,1995,3,2,1,809774,1.452727434730115
929,1451,3,3,3,1906,4,4,0,843387,1.6251372615920692
930,1222,3,3,2,1993,2,3,1,307571,0.571041659755761
931,3889,4,3,2,1927,4,2,1,513506,0.9894837537821867
932,2579,5,3,1,1913,3,2,1,487509,0.8745868587752182
933,3217,5,3,3,1943,4,1,0,766696,1.4773600232320312
934,2832,2,4,3,1929,3,3,0,858094,1.5394130897970337
935,3876,5,3,3,1980,3,1,0,580696,1.0417635172752382
936,2000,5,1,2,1931,3,1,0,745763,1.3378922636521235
937,785,3,3,3,2009,1,3,0,313369,0.5845785882222607
938,3995,3,3,1,1969,1,1,1,979700,1.8275950808195731
939,2565,2,4,3,2014,4,3,1,513002,0.9885125873071967
940,1268,1,4,1,1987,3,3,1,196444,0.352418808443001
941,3557,2,3,3,1905,1,1,0,831608,1.5513347861286144
942,4789,2,4,3,1926,4,4,0,591567,1.1399008692667014
943,2661,4,2,1,1981,4,1,1,160401,0.30907951141839923
944,3793,4,4,3,1987,4,2,0,276801,0.5333727211184739
945,1446,2,4,3,2000,4,1,0,821668,1.5832865380398706
946,3835,2,4,3,2019,4,3,1,553575,1.066693415461502
947,4650,2,4,2,1923,2,2,1,928836,1.724493047396868
948,1981,5,1,1,2001,3,3,0,219259,0.3933487178045853
949,2401,4,1,3,1933,4,4,0,297145,0.5725739329581502
950,3951,2,1,1,1939,2,4,1,360625,0.6695426374704421
951,4564,3,3,1,1946,3,2,0,733835,1.3164935365486838
952,554,3,3,1,1978,1,4,1,94552,0.176383352129889
953,2323,5,2,3,1974,4,4,1,249041,0.4798814882896588
954,3962,5,1,3,1985,2,1,1,257606,0.47827577308342656
955,3579,1,3,1,2017,1,1,0,804965,1.501633228776082
956,1332,1,4,2,1923,2,4,1,836157,1.5524236065701835
957,4908,1,4,1,1964,3,4,1,450074,0.8074287979840322
958,3306,5,1,2,1917,3,1,0,779846,1.399036865921283
959,2990,5,2,1,1943,1,4,1,124474,0.23220176593848682
960,827,5,2,1,1975,2,4,0,337312,0.6262593168261483
961,3810,3,4,1,1956,4,3,0,606387,1.1684577882336697
962,3800,5,2,3,2006,4,4,0,252252,0.48606882073250196
963,4175,3,1,2,1927,1,2,1,814742,1.5198718703042775
964,3554,1,4,2,2003,1,3,1,373599,0.696935484943464
965,2643,1,3,1,2023,1,2,0,628528,1.1724963570045572
966,1811,1,3,3,1970,2,4,0,386940,0.7183995234462748
967,3691,2,2,3,1922,4,1,0,891024,1.7169298357371074
968,3038,2,4,2,1984,4,3,1,835034,1.609041718803197
969,4483,4,4,3,1933,4,1,0,434325,0.8369084905754718
970,664,4,3,2,1910,1,3,0,302051,0.5634652666700346
971,4777,4,4,2,1985,4,1,0,151611,0.2921419056343472
972,1322,2,4,2,2005,3,3,1,632334,1.1344016351631843
973,1443,2,4,3,1934,1,3,0,824756,1.5385526268004774
974,4925,4,2,2,2015,4,2,1,66488,0.12811689799431755
975,1274,4,4,2,1992,2,1,1,239913,0.44542664203381954
976,2698,5,1,1,1941,1,2,0,430665,0.803390053568604
977,3656,4,2,2,1927,3,2,0,967899,1.7364022941559538
978,4742,5,4,2,2022,3,1,0,758029,1.3598973597831423
979,4195,3,4,1,1981,2,3,1,716205,1.329718640331419
980,3952,2,1,1,1977,2,2,1,741419,1.3765313905877232
981,1414,4,2,3,1981,1,1,1,68394,0.12758654481736642
982,1808,2,3,2,1991,1,3,0,930425,1.7356743422185885
983,4677,2,3,3,1923,3,2,1,226978,0.40719653592258087
984,1013,2,2,3,1907,2,2,0,109332,0.20298768981606483
985,2420,3,4,1,2005,1,2,0,218377,0.4073744319323629
986,4094,1,4,3,2017,3,3,0,92628,0.16617381741594703
987,1909,4,3,2,2008,2,2,1,857784,1.5925766703360713
988,3690,1,3,1,1952,3,3,1,529898,0.9506323520002105
989,4991,1,3,2,1971,4,4,1,919403,1.77161383056596
990,2055,1,1,2,1903,2,2,0,101993,0.18936197496990725
991,1304,2,3,1,1990,1,4,1,220458,0.41125646251640446
992,1779,5,1,2,1999,1,1,1,939459,1.752526943994769
993,4077,2,2,1,1904,4,2,0,500281,0.9640002684017444
994,3401,2,4,2,1996,2,1,0,956644,1.7761218630995455
995,1887,1,3,1,1948,3,1,1,528720,0.9485190303597131
996,3261,2,4,3,1997,1,1,0,556357,1.0378639546591153
997,3179,1,4,2,1929,4,4,1,58539,0.11279982991952466
998,2606,5,3,1,1971,4,3,0,182335,0.35134452225655594
999,4723,4,3,2,2002,2,4,0,456521,0.8475848163622702
1000,3268,1,2,2,1962,2,4,1,890249,1.6528517531103601
1001,4453,5,1,2,1946,1,1,0,991902,1.850357472547817
1002,3686,4,1,1,1925,4,2,0,290310,0.5594034510999026
1003,3780,3,4,3,1956,3,3,0,256873,0.46082790302161936
1004,3073,1,3,3,1936,4,1,1,361251,0.6961009132075744
1005,3099,1,2,3,1997,3,3,0,999656,1.7933740728802947
1006,4533,3,2,1,1906,3,4,0,536476,0.9624332261523253
1007,736,3,2,3,1939,1,3,1,998128,1.8619718514119412
1008,1804,1,2,1,1991,4,3,1,965672,1.8607703814217396
1009,3930,3,2,2,1938,3,2,0,411799,0.738763784579928
1010,1801,2,1,2,1961,2,1,0,630420,1.170448719623199
1011,3041,4,1,3,2002,3,3,0,962133,1.7260581408629934
1012,2551,4,1,1,1991,2,3,1,155494,0.2886928606470126
1013,941,4,3,2,1977,2,4,0,889411,1.651295907757985
1014,2576,2,4,1,1952,4,4,1,894445,1.723521820877863
1015,3680,3,2,1,2013,2,3,1,275997,0.5124208230542242
1016,3157,5,3,2,2001,3,1,0,638085,1.144718878588057
1017,4298,3,2,1,1903,2,3,0,101798,0.18899993458361472
1018,1304,1,1,2,2005,4,3,1,722010,1.3912537829514682
1019,574,4,3,2,1981,1,2,0,469230,0.8753316727293746
1020,2675,3,1,2,2007,3,1,0,650709,1.167366223570772
1021,4424,5,2,1,2011,3,2,1,319578,0.573320121584764
1022,2589,1,2,2,1924,4,1,0,866460,1.669597031586999
1023,540,2,4,1,1906,4,1,1,640846,1.2348574421258938
1024,2581,2,2,2,2001,4,1,0,860763,1.6586193819679154
1025,2122,5,1,2,1927,4,2,1,117573,0.22655348405555736
1026,841,1,2,3,1968,3,2,1,703761,1.2625410450237973
1027,4552,4,4,3,1966,1,2,0,517508,0.9653925437223391
1028,2574,3,4,3,2007,2,4,1,227398,0.42219107570330283
1029,1145,1,1,1,1994,2,2,1,395123,0.733592223349001
1030,4763,2,3,1,2010,1,4,0,840555,1.5680250925367931
1031,1109,5,2,2,2005,1,4,0,328747,0.613265693614568
1032,954,5,4,2,2021,1,4,0,378085,0.7053039564475536
1033,3453,3,2,2,1919,4,3,1,92597,0.17842678985049668
1034,2208,5,2,2,1982,3,3,1,768598,1.378858052837825
1035,3972,5,3,1,2011,3,3,1,920670,1.651673883494623
1036,3469,1,4,2,2023,3,4,0,485935,0.8717631166172023
1037,3528,4,2,2,1910,4,4,1,797146,1.5360346644293446
1038,3181,3,4,3,2003,3,1,1,353895,0.6348845177960937
1039,4129,1,1,2,1966,4,4,0,962894,1.8554174043036398
1040,4725,4,1,2,1986,3,3,1,136978,0.2457373273956211
1041,3567,1,2,2,1906,1,4,0,329837,0.6152990493745897
1042,1886,1,4,1,1922,2,4,0,532757,0.989125897846351
1043,4276,5,2,3,1960,2,1,0,218769,0.40617032445551793
1044,3366,4,4,2,1970,4,4,1,406668,0.7836157302603948
1045,3863,3,4,2,2009,3,2,1,410013,0.7355597162862707
1046,4624,3,3,3,1933,2,1,1,735352,1.3652672930306122
1047,648,4,3,2,2005,1,4,0,375969,0.7013566346235114
1048,4350,5,3,1,1918,1,4,0,714882,1.3335866352622823
1049,2558,2,2,2,1957,1,1,0,442619,0.8256898102248429
1050,1636,1,3,1,1908,4,4,1,881838,1.699229170579849
1051,686,5,3,1,1947,4,3,1,288078,0.5551025709963755
1052,3354,4,1,2,2014,3,2,1,290140,0.5205086084668012
1053,1750,1,4,3,1981,1,2,1,717481,1.3384349761983343
1054,1833,3,4,1,1940,3,3,1,697659,1.2515941106856694
1055,4693,2,3,3,1947,3,4,0,457435,0.8206343672503317
1056,4650,3,4,2,1944,1,4,1,838049,1.563350239752743
1057,3211,4,1,1,2005,3,2,0,93016,0.1668698860038188
1058,2285,1,1,2,1924,2,4,0,493888,0.916961037462743
1059,1250,4,3,3,2015,4,2,1,336420,0.6482536220558343
1060,2262,1,1,2,1977,3,2,0,805247,1.4446060365412088
1061,4420,5,4,2,2007,1,3,1,384384,0.7170545141836795
1062,4960,2,2,1,1924,4,2,1,942724,1.8165514761279482
1063,981,5,4,2,1918,4,4,0,236807,0.4563075782598417
1064,653,5,2,2,1938,3,4,1,592247,1.0624859096940706
1065,2024,4,3,2,2018,2,1,1,602810,1.1191875141589107
1066,2620,2,2,1,1978,3,4,0,499303,0.8957451910570734
1067,2843,1,1,3,1979,2,1,0,453169,0.8413614349527703
1068,1740,1,4,3,1926,4,2,0,76567,0.1475383005765087
1069,560,3,2,2,2003,3,4,0,503739,0.9037033360462466
1070,1438,1,4,1,1973,1,3,0,112708,0.21025271651425176
1071,2139,4,3,2,1962,3,3,0,176206,0.3161120144189053
1072,4620,5,3,3,1967,2,3,1,596848,1.108118361425188
1073,4726,5,1,1,2014,2,2,1,632678,1.1746409616347295
1074,4069,5,3,3,1918,3,2,1,700060,1.2559014835709275
1075,1752,2,2,3,1927,2,1,0,511365,0.9494091391613798
1076,4703,1,3,1,1984,4,3,1,357248,0.6883874620183185
1077,671,4,1,1,2022,3,1,0,632093,1.1339692832825732
1078,1958,2,4,2,2010,2,1,1,286109,0.5311949378551978
1079,4049,3,4,2,1977,3,4,0,545951,0.9794312928278025
1080,4697,4,3,3,1932,3,4,1,336640,0.6039291995390638
1081,2822,4,2,1,2011,1,3,0,788661,1.4712187037197564
1082,2136,4,1,1,1909,3,2,0,141257,0.2534138157654751
1083,3615,5,2,2,1982,1,4,0,53515,0.09983030596106916
1084,4590,4,1,3,1929,2,2,0,578742,1.0745024474035871
1085,3504,1,3,3,1921,1,1,1,287145,0.5356586602857367
1086,829,4,1,2,1902,1,1,1,72873,0.1359419580734559
1087,4140,5,1,1,2000,1,1,0,910352,1.6982288833461876
1088,4394,4,3,2,2004,4,1,0,325871,0.6279265681973627
1089,4607,3,2,2,1981,1,3,0,702664,1.3107943961100383
1090,1841,3,3,2,1974,3,1,1,643358,1.154178594216531
1091,4163,5,1,2,1947,1,4,0,935491,1.74512478284269
1092,715,1,3,1,1901,3,1,0,698852,1.2537343421942544
1093,838,1,1,2,1975,1,2,1,278497,0.519526127613564
1094,4562,2,3,1,1953,4,4,0,691501,1.3324654536152174
1095,3208,5,4,2,1905,2,2,0,755339,1.4023755043169117
1096,3652,4,4,3,2006,1,2,1,599753,1.1188176304039823
1097,2250,5,3,1,2022,1,3,0,234972,0.4383318070126944
1098,2921,2,2,3,1939,4,3,0,634087,1.2218334060059384
1099,1209,5,1,2,2007,1,2,1,560237,1.0451019549791927
1100,4226,5,4,2,1992,3,2,0,670417,1.2027222022557644
1101,4142,2,2,2,2022,1,1,1,464546,0.866593839353281
1102,4493,1,1,1,1993,1,4,0,713662,1.331310769182258
1103,988,4,4,3,1901,2,1,0,419432,0.7787247348894349
1104,546,2,4,1,1972,2,3,0,293761,0.545401773936789
1105,3859,3,3,1,2010,1,3,0,292821,0.5462470339498502
1106,900,1,1,2,1901,4,1,0,62875,0.12115494467261334
1107,4490,3,2,3,1992,2,4,1,601507,1.1167683417315306
1108,3657,1,2,2,1996,1,2,0,872614,1.6278300029134336
1109,4845,4,2,1,1973,2,1,0,785901,1.4591174442444586
1110,890,4,1,2,1997,1,3,1,485485,0.9056547900496993
1111,4353,5,2,3,2007,2,4,1,391925,0.7276547610138039
1112,4930,3,2,2,1954,2,3,0,56457,0.10481904660982669
1113,1128,1,2,3,1971,3,4,1,974253,1.7478013142779574
1114,4732,4,3,3,2000,1,4,0,83064,0.15495290169765952
1115,3430,2,3,2,2017,1,4,1,977325,1.8231646038195257
1116,2021,4,1,1,1959,1,1,1,689544,1.286319508429776
1117,1326,2,1,2,1996,1,1,0,934729,1.7437032992746746
1118,2000,1,2,1,2010,2,1,1,808947,1.5019050480521365
1119,3794,4,3,1,1905,3,4,0,259727,0.4659479539231298
1120,2919,4,4,2,2007,3,4,1,975168,1.7494428162313147
1121,1434,1,4,1,2003,4,3,1,210353,0.4053328998285206
1122,3542,4,2,1,2008,1,2,1,832351,1.5527208258806293
1123,4997,2,2,2,1918,4,1,0,286887,0.5528076121239288
1124,1966,4,3,2,1995,2,4,0,475037,0.8819619435037681
1125,4061,3,3,2,1926,4,3,1,809129,1.5591249181392757
1126,1114,5,3,1,1900,1,3,0,992151,1.8508219730838218
1127,1682,2,1,3,2006,3,3,0,644206,1.1556998987590963
1128,3723,3,1,1,2015,3,1,0,263057,0.47192194463862736
1129,3167,1,2,3,1932,1,1,1,526015,0.981262045970509
1130,630,2,1,2,1939,2,2,0,926611,1.7203620737584022
1131,3483,5,3,3,1931,1,3,1,387088,0.7220987288397335
1132,4778,5,3,2,1968,2,1,1,139142,0.2583334534846787
1133,4959,1,1,2,1916,3,3,1,77603,0.139219099547974
1134,538,1,4,3,1907,2,4,1,882890,1.6391889059168905
1135,4459,2,2,2,1956,1,3,1,120605,0.22498428572240953
1136,4087,4,4,3,1941,1,2,0,331767,0.6188993948946282
1137,1420,1,2,2,1997,1,1,0,618728,1.1542148098043614
1138,3269,4,4,1,1908,2,4,1,918859,1.7059695759402507
1139,4611,3,1,1,2019,2,1,0,975208,1.8105881078745925
1140,992,5,2,2,1986,2,4,0,405970,0.7537309519136925
1141,1631,4,2,2,1934,3,3,0,339604,0.6092465894732184
1142,4021,5,2,3,2013,4,3,0,264117,0.5089316981645585
1143,810,4,3,1,1970,4,2,0,788165,1.518729017381953
1144,1238,3,3,3,1978,1,2,0,516727,0.9639356163383235
1145,3741,1,4,2,1952,3,4,0,160373,0.28770775165660134
1146,1045,3,1,2,1953,2,2,1,974069,1.808473420695171
1147,2961,1,3,3,1983,1,2,1,317014,0.5913782045023335
1148,4846,1,2,2,2013,3,2,1,68909,0.12362214000426969
1149,2304,5,3,1,1924,1,2,0,321261,0.5993008301104183
1150,3712,3,1,3,1966,3,3,0,299975,0.5381525119763862
1151,4310,4,3,1,2023,3,2,1,903906,1.621599414919668
1152,1313,3,2,1,1961,4,3,0,668214,1.2875933232519388
1153,4624,5,4,1,1954,1,3,0,487538,0.9094845876417403
1154,2532,1,2,3,1945,2,1,1,177463,0.3294808875519364
1155,4913,5,1,2,1923,4,3,1,151536,0.29199738681366416
1156,744,2,4,1,1997,4,3,1,856560,1.6505205472568378
1157,771,2,3,1,1945,2,2,0,301981,0.5606631686820425
1158,4011,4,3,1,1921,3,3,0,540533,0.9697114484744795
1159,2271,5,3,2,1910,2,4,0,381145,0.7076404258126077
1160,1762,4,4,2,1947,1,2,1,836872,1.5611545886247196
1161,2924,4,2,3,1907,2,2,1,230685,0.42829377698403864
1162,4861,2,4,2,1938,3,2,0,697779,1.251809389630372
1163,1420,4,4,3,2006,2,1,1,979167,1.8179384560250131
1164,3930,2,1,3,1934,3,2,1,547275,0.9818065371843546
1165,4935,1,4,3,1948,3,3,0,200619,0.3599087217274461
1166,4984,5,3,3,1945,1,4,1,655950,1.223651110813105
1167,3124,4,2,3,1937,2,2,1,810416,1.5046324189622067
1168,4260,2,2,1,1907,2,2,1,50005,0.09284015136695863
1169,2550,3,2,2,1953,1,4,0,284152,0.530075326533677
1170,4000,4,3,1,1936,3,2,0,319182,0.5726097010672453
1171,1665,1,3,3,1990,2,1,1,842846,1.5648425201286995
1172,875,1,3,2,1991,1,3,0,530875,0.9903282010106061
1173,2533,3,3,1,1939,3,4,0,905938,1.6252448050499655
1174,645,2,3,1,1933,1,4,0,913018,1.7032022103702409
1175,4888,4,4,3,1995,2,1,1,445822,0.8277208671676879
1176,931,2,3,1,1978,1,3,0,852914,1.59108036211304
1177,1204,1,3,1,2007,4,1,1,804189,1.5496059451502864
1178,3132,2,3,1,1916,3,3,1,252945,0.4537811055650205
1179,4994,1,3,1,1932,4,1,0,608236,1.172020658892909
1180,1463,2,2,1,1946,4,2,1,402131,0.7748733050678756
1181,2734,3,3,3,2009,3,1,0,272873,0.4895317623153011
1182,2541,5,4,3,1951,3,4,0,272322,0.4885432731608749
1183,2328,3,4,1,2017,1,4,1,70875,0.132214761001416
1184,2608,3,4,3,1979,3,4,1,325201,0.5834077341352872
1185,4568,5,1,3,1992,4,1,0,82400,0.15877801099043085
1186,1438,5,2,2,1908,4,4,0,514674,0.9917343935496239
1187,1306,4,3,1,1932,2,4,0,118607,0.22020781588202903
1188,1963,4,1,3,1959,3,2,0,923993,1.6576353162716795
1189,3915,3,3,3,2012,4,2,1,339647,0.6544717851804231
1190,510,3,1,1,1992,2,3,1,466981,0.8670050340064736
1191,2368,1,1,2,1976,2,3,1,151096,0.2805274574730923
1192,1384,1,4,1,1920,1,3,0,620900,1.1582665976124047
1193,4064,4,4,2,1957,4,1,1,934750,1.8011862351129275
1194,1889,4,1,1,1984,1,3,1,311538,0.5811629236382241
1195,3901,1,4,1,1968,4,1,1,134335,0.2588524770194117
1196,4821,1,1,1,1909,1,1,1,413133,0.7706847387202538
1197,1324,2,2,1,1905,1,3,0,667300,1.2448241272133318
1198,2765,2,4,2,2019,3,3,1,131748,0.23635475338899886
1199,1436,1,4,2,2014,1,1,1,976932,1.8224314764675178
1200,3300,2,4,3,2020,3,2,1,736779,1.3217750466587213
1201,3053,5,2,1,1912,2,4,1,115195,0.21387303743059294
1202,4345,4,1,2,1964,4,4,0,779055,1.5011747979629866
1203,2296,4,3,2,1919,2,4,0,664134,1.2330427174871252
1204,553,1,4,2,1956,4,2,1,676692,1.3039297307419495
1205,1226,3,1,1,2010,2,1,0,351286,0.6522036878930793
1206,3236,1,2,3,1945,4,3,0,835608,1.6101477695108246
1207,3670,2,3,2,1907,1,1,0,121540,0.2267284945624282
1208,2413,3,4,1,1909,4,1,0,743649,1.4329503530949381
1209,2096,2,2,2,1972,4,3,1,389092,0.7497482263627272
1210,2414,5,2,2,2012,2,2,0,895383,1.6623836266653638
1211,2966,2,3,3,2004,2,4,0,61755,0.11465540541278933
1212,3237,5,1,2,1966,2,4,1,827203,1.5357994546785778
1213,1349,5,4,2,1910,3,1,1,430129,0.7716476433832521
1214,2609,2,4,1,1911,3,2,1,658841,1.1819549600567858
1215,502,2,1,1,1909,4,4,1,184962,0.35640653481568046
1216,4755,5,1,3,1924,4,2,0,930808,1.7935903258978272
1217,4569,3,1,1,1948,1,3,1,306760,0.5722497366461287
1218,1392,5,3,1,1948,1,1,0,67175,0.12531254420134205
1219,2530,4,3,3,1988,4,1,0,902119,1.7383089866101515
1220,3660,5,4,2,1910,3,2,1,921415,1.653010406942985
1221,2876,3,3,3,1961,4,4,1,531503,1.0241624899932884
1222,2433,4,2,1,2017,1,2,0,800071,1.4925036479599842
1223,1880,1,4,3,1935,3,3,0,729648,1.3089820953697684
1224,4181,1,3,2,1938,3,4,1,96629,0.17335157623057332
1225,1790,3,1,3,1952,1,4,1,691067,1.2891606101018065
1226,2140,5,2,1,1989,4,2,1,228872,0.44101748703157634
1227,3182,2,1,1,1977,2,3,0,742727,1.3789598461019315
1228,1487,3,4,3,2002,4,4,0,520970,1.0038662668165625
1229,1718,4,1,2,1955,4,1,1,380657,0.7334946763299082
1230,1855,4,3,3,2003,1,3,0,657050,1.2257031212131269
1231,4765,1,3,2,1900,3,4,1,210094,0.37690678840292324
1232,4635,4,4,2,1955,1,2,0,774689,1.4451544407114771
1233,2060,3,1,3,2017,4,4,0,969163,1.8674972507951326
1234,1918,4,4,2,1903,2,1,1,107941,0.20040513506051158
1235,1454,3,1,1,1929,2,3,1,355617,0.6602446977035042
1236,1483,2,2,3,1911,2,4,1,760958,1.4128078372942328
1237,1474,1,3,2,2019,1,1,0,66040,0.12319524256131939
1238,4633,4,4,1,1934,3,4,0,119806,0.21493091040867715
1239,4472,3,2,3,1976,1,4,1,718646,1.3406082417583576
1240,1413,5,2,1,1951,2,3,0,250211,0.4645460876647952
1241,536,1,4,1,1930,4,2,1,686364,1.322566877857234
1242,3887,2,4,1,2001,3,2,0,105916,0.1900123725593497
1243,2211,3,2,2,2006,1,1,1,722960,1.3486558534544437
1244,3520,2,1,3,1986,1,1,0,445507,0.8310772702569006
1245,1295,2,2,3,1967,3,1,0,456339,0.8186681528887145
1246,4536,4,4,2,1951,3,3,0,840243,1.5073885527813142
1247,3611,4,2,3,1979,4,2,0,605564,1.1668719350413745
1248,1824,3,1,1,1906,3,1,1,235217,0.4219772294676211
1249,817,5,3,3,1921,4,1,0,917481,1.767910294921256
1250,2896,3,3,2,1992,2,4,1,251750,0.4674034217904577
1251,2662,5,2,1,1974,2,4,1,269854,0.5010156225773273
1252,3245,2,1,2,1955,1,1,1,796403,1.4856611260079111
1253,2091,1,3,1,1996,2,4,1,994218,1.845882403994698
1254,3611,3,2,1,1957,2,4,0,761045,1.4129693630050402
1255,4430,3,2,3,1992,4,4,1,717554,1.3826674380852866
1256,2496,5,1,1,1963,1,3,0,385206,0.7185879255916959
1257,1812,2,4,2,2022,3,1,0,200434,0.35957683335436286
1258,1785,2,2,3,2002,1,1,0,890931,1.6619997070017996
1259,4811,5,4,2,1911,2,4,0,620569,1.1521591819546475
1260,2883,2,4,1,1906,3,3,1,881284,1.5810157458608136
1261,3739,4,3,2,2022,1,4,0,836408,1.5602890133287104
1262,2639,1,4,2,1954,1,3,1,827981,1.544568748200542
1263,2204,3,1,1,2002,1,1,0,554869,1.0350881442270856
1264,862,1,3,3,2005,1,4,0,753196,1.4050600229590477
1265,3104,3,3,2,1961,4,1,1,578883,1.1154598463127863
1266,2216,4,3,1,2011,1,3,0,670218,1.25026755116539
1267,4951,2,2,3,1989,2,2,0,196474,0.36477704028940766
1268,4786,5,2,3,2003,2,3,0,311745,0.5787911806397864
1269,4238,4,4,3,1972,4,2,0,770643,1.4849655670351771
1270,2969,1,3,2,2004,3,1,0,404820,0.7262435199542652
1271,1056,5,3,2,1997,3,1,1,748083,1.3420543232497073
1272,1325,2,1,2,2008,2,4,0,232394,0.4314667360618535
1273,3308,4,4,3,1976,2,2,0,752124,1.3964064794864992
1274,3219,5,1,2,1954,4,3,1,468127,0.9020421595985124
1275,4008,4,4,1,2018,3,1,0,796648,1.4291795061620607
1276,4241,4,4,2,1935,3,2,1,855837,1.5353640516454188
1277,2074,2,2,2,1988,1,3,0,108122,0.20169769861016013
1278,4498,3,2,3,1923,1,2,0,804849,1.5014168349520798
1279,2629,5,1,2,1943,1,3,1,282661,0.5272939197096472
1280,2903,2,4,1,1916,4,3,0,703197,1.355002681971335
1281,3829,4,3,3,1901,2,3,0,315591,0.5859317310278941
1282,1088,2,2,1,1912,4,3,1,234215,0.4513130078170359
1283,2512,3,3,3,1930,3,2,1,60662,0.10882709452958261
1284,2047,5,1,3,1992,2,2,0,506217,0.9398512729632577
1285,794,3,2,2,2013,1,4,1,632570,1.1800365624926379
1286,2485,1,2,1,1927,4,2,0,448115,0.8634806844050597
1287,3617,5,4,3,1959,4,2,1,865014,1.6668107087242299
1288,2190,3,1,2,1926,1,4,0,641759,1.1971783111888215
1289,1636,4,4,3,1914,4,2,1,697801,1.3446050345525926
1290,2564,5,2,3,1994,1,3,1,223285,0.4165301292444609
1291,4955,5,1,3,2003,3,1,1,681866,1.2232616075715996
1292,1507,2,2,3,1978,2,1,1,912303,1.69379759249136
1293,3014,4,1,3,1932,3,4,1,657493,1.179536659911293
1294,4026,1,2,3,1919,3,2,1,910513,1.6334523148167526
1295,1747,3,3,2,1941,1,2,1,942215,1.7576681627788242
1296,4402,2,3,3,1911,4,4,1,284631,0.5484604859977831
1297,1935,3,4,1,2000,3,1,1,133805,0.24004499329944282
1298,1071,1,3,2,1972,3,3,0,174698,0.3134066756804758
1299,2882,1,2,1,1922,3,2,1,218902,0.392708262944095
1300,1745,5,2,3,1971,4,4,0,974570,1.8779160943075752
1301,2584,1,3,1,1995,4,3,1,60712,0.11698702188411453
1302,777,3,4,3,2011,1,4,0,393671,0.734379078351865
1303,2387,4,3,3,1913,3,4,0,965885,1.7327891958673618
1304,1765,4,1,2,1990,2,4,1,701176,1.3018155379437772
1305,1540,5,1,2,1924,4,1,1,806686,1.5544174584202268
1306,1417,3,1,3,1976,1,1,0,568680,1.0608520675313615
1307,1385,3,3,2,2018,3,4,0,246437,0.4421058107973154
1308,3252,1,3,1,1984,2,2,1,661473,1.2281022586772568
1309,521,3,3,2,2008,4,3,1,411995,0.7938804203641087
1310,3691,2,1,2,1930,2,2,1,474022,0.8800774768776816
1311,2853,1,4,1,2000,4,1,0,586498,1.1301333239061373
1312,1186,2,2,2,2011,1,3,1,86972,0.16224313500973758
1313,784,5,3,3,2021,2,4,1,811254,1.5061882643145816
1314,4247,4,4,1,2006,3,2,1,346280,0.621223274763507
1315,1262,5,2,3,1953,3,2,1,487513,0.8745940347400416
1316,2928,4,2,1,1904,4,4,1,952877,1.8361154706132132
1317,3007,5,2,3,1912,3,2,0,852377,1.52915684207316
1318,528,3,4,3,1927,2,1,0,800561,1.486335454824193
1319,1406,2,4,2,1942,1,4,1,391324,0.7300008343438181
1320,3604,4,1,3,1988,4,2,1,382597,0.7372328964915761
1321,4499,1,4,2,2014,2,4,0,921836,1.7114967258376497
1322,3494,2,4,1,1998,4,3,1,980728,1.8897820529444571
1323,3006,1,4,3,1946,1,4,0,53052,0.0989665961290599
1324,4109,2,2,3,2002,4,2,1,339416,0.6540266672127194
1325,4053,2,3,1,1970,3,1,0,353294,0.6338063290813748
1326,1953,5,1,1,1937,3,4,0,801564,1.4379987669300445
1327,3856,4,3,3,1995,4,4,1,198388,0.38227733063555336
1328,1015,4,3,1,1966,1,2,0,496605,0.9263987497299215
1329,538,2,4,2,1961,1,1,1,712600,1.3293296464142368
1330,3842,3,1,1,2008,3,1,0,933527,1.674739228428302
1331,1386,3,3,1,1938,1,3,1,380918,0.7105888159596102
1332,3344,1,3,3,1936,4,3,1,879607,1.694930217393931
1333,2704,1,1,2,2018,2,2,1,443781,0.8239315111244929
1334,1598,5,4,1,2013,4,1,0,66375,0.12789915630448845
1335,2323,2,3,2,1985,3,1,1,599998,1.0763911355306535
1336,3701,1,2,2,1907,3,3,1,755255,1.3549208281781002
1337,3655,1,3,2,1980,3,3,1,828912,1.48706083842777
1338,3593,2,2,3,1951,1,2,0,720534,1.3441302377903952
1339,4030,5,4,1,1990,4,1,1,419170,0.8077060542094526
1340,4278,1,3,3,1932,2,4,0,530545,0.9850190602336379
1341,3396,5,1,1,2009,4,3,0,77597,0.14952302571388912
1342,3953,4,1,1,1980,2,2,0,386433,0.7174582184419143
1343,4011,5,3,3,1941,4,1,1,481613,0.9280285704749317
1344,1488,3,4,2,1975,3,1,1,135687,0.24342128474886215
1345,4616,3,4,2,2011,2,3,0,168968,0.31370892303114223
1346,4526,5,1,1,2009,4,2,1,614562,1.184210339688121
1347,4679,3,3,3,1926,1,4,1,517453,0.965289943202338
1348,2182,4,4,2,2011,1,3,0,253570,0.473025706485066
1349,4463,2,1,2,1907,4,2,0,481413,0.9276431869531102
1350,1433,3,2,1,1922,3,1,1,622922,1.117516589933676
1351,4098,3,3,1,2023,2,4,0,866473,1.6087088186257923
1352,3733,5,2,3,2005,4,2,1,974752,1.8782667933124326
1353,2480,4,2,1,2012,1,4,0,397509,0.7415387291839417
1354,2355,2,4,2,1963,2,2,1,969707,1.8003748557464123
1355,3556,5,4,2,2022,1,2,1,888418,1.6573117959697494
1356,1292,5,4,2,1992,1,2,0,861802,1.6076606061452177
1357,1291,4,3,2,2013,4,2,1,347391,0.669393835145349
1358,2309,2,2,3,1919,1,4,1,960835,1.7924031024591962
1359,2755,4,3,3,1915,2,3,0,431688,0.8014794373222606
1360,4110,2,4,1,1916,3,4,1,256994,0.4610449759575278
1361,2107,4,2,1,1979,4,2,1,830768,1.6008214882827458
1362,1484,5,3,1,1918,2,4,1,443650,0.823688294249599
1363,4176,5,3,3,2019,4,4,0,637270,1.2279667847557265
1364,3880,1,1,2,2019,1,4,0,901612,1.681924727986013
1365,1019,3,3,1,1907,1,2,0,682822,1.2737798594216418
1366,1090,4,4,2,1937,2,4,0,739834,1.3735886520632432
1367,1550,1,3,1,1937,2,1,0,336788,0.6252864493265726
1368,4133,3,2,1,1952,3,2,1,612781,1.0993237251150993
1369,4944,4,3,1,1992,2,4,1,395968,0.7351610650229352
1370,1459,2,1,1,2004,2,1,1,564922,1.048843995410959
1371,1192,3,2,1,1999,4,4,0,971463,1.8719291612960791
1372,4399,5,2,2,1989,1,3,1,883721,1.6485497115616556
1373,4973,1,1,1,1930,2,4,0,978647,1.8169730149948997
1374,3446,3,4,2,1943,3,4,1,482809,0.8661551001076992
1375,1026,3,2,3,1959,2,3,0,482331,0.8955041105684736
1376,3724,5,4,1,1975,1,2,1,816505,1.5231606833363127
1377,2753,4,2,2,2018,2,3,1,727900,1.3514317804221416
1378,3844,2,2,3,1916,4,2,0,347625,0.6698447338658802
1379,4465,5,4,3,1978,1,3,1,276577,0.5159444367335256
1380,2375,2,2,3,1972,2,4,1,651385,1.2093727026930576
1381,2263,4,4,2,1938,4,4,0,859010,1.6552414953991506
1382,1020,3,1,1,1941,1,2,1,980291,1.8286975700435848
1383,1516,2,4,1,1947,2,2,1,384192,0.7132975389255989
1384,616,1,1,2,1911,4,1,0,564771,1.0882671850130659
1385,2933,1,2,1,1995,3,1,0,233951,0.4197060366010085
1386,1083,5,4,2,1988,4,4,0,191668,0.3693284443023532
1387,894,4,2,1,2002,3,4,0,503885,0.9039652587623015
1388,4288,5,4,3,1917,2,1,0,463146,0.8598849064093875
1389,3268,5,1,1,1978,4,1,1,229022,0.4413065246729424
1390,4667,5,1,2,1995,3,2,0,932169,1.672302988370751
1391,4360,1,4,2,1905,1,3,0,330831,0.6171533205906096
1392,773,1,1,3,2021,4,2,1,496049,0.9558455530800029
1393,2513,5,2,2,2007,2,1,1,172540,0.3203407602610747
1394,4933,1,2,1,1942,1,4,1,741349,1.382959870950811
1395,1889,4,3,1,2015,3,1,1,866615,1.5546996888621252
1396,4066,5,1,3,1934,4,4,1,332902,0.6414747259069953
1397,665,1,2,2,1997,4,4,0,706442,1.3612555296128876
1398,2067,2,4,3,2001,2,4,1,812301,1.5081321426963676
1399,1228,5,1,1,2019,1,4,0,670656,1.2510846243973988
1400,2543,5,2,3,1953,4,3,1,620179,1.1950338358984758
1401,4697,4,1,2,2020,4,1,0,96901,0.18672024324009392
1402,3996,3,4,3,1961,1,2,1,526728,0.9825921218025233
1403,1278,3,2,2,1968,4,4,0,416056,0.8017056327746929
1404,713,4,3,2,1981,1,4,0,645350,1.2038771924128933
1405,4262,4,3,1,1915,1,2,0,539838,1.0070483548427853
1406,2076,4,1,1,1907,1,2,0,726923,1.356048687286523
1407,2948,3,4,1,1988,2,4,0,908440,1.686625479608037
1408,3436,4,2,2,1995,1,2,0,445991,0.8319801548329103
1409,3617,1,4,3,1989,1,2,0,983332,1.8343704460676455
1410,1091,5,2,2,2015,3,3,0,553528,0.9930243641945666
1411,3220,5,1,1,1985,3,2,0,569149,1.0210483008212292
1412,1213,2,2,1,1930,2,1,0,854406,1.5863050168750656
1413,1435,2,4,3,2006,1,1,1,727748,1.3575876950865393
1414,4837,5,4,1,1909,3,1,0,654879,1.1748471668991878
1415,501,1,1,1,1955,3,4,0,302990,0.5435613954620394
1416,3348,3,4,1,2020,4,1,1,330759,0.6373453414706786
1417,4544,3,2,3,1975,1,3,0,72838,0.1358766668334552
1418,2449,1,1,2,2016,3,1,0,352872,0.6330492647925039
1419,1417,3,2,1,1991,2,4,1,690537,1.2820629857911312
1420,3674,4,4,3,1969,4,3,1,652288,1.256905233409298
1421,2741,5,1,1,2022,4,1,0,364942,0.7032131661027891
1422,589,5,2,3,1919,1,3,1,515992,0.9625645002983089
1423,2209,1,4,1,1904,1,3,0,987126,1.8414480164837215
1424,2669,3,4,3,1922,4,4,0,194608,0.3749935820731282
1425,4738,2,3,1,1908,2,4,0,186772,0.3467641386083311
1426,3541,2,4,2,1957,1,3,1,744199,1.388276443350868
1427,605,3,2,1,1958,1,1,0,846680,1.5794510595369156
1428,1386,2,1,3,1992,4,4,0,95291,0.1836179058894314
1429,927,1,3,1,1979,4,3,1,919061,1.7709548247436453
1430,2395,1,4,2,1953,1,2,0,265963,0.49614440183731356
1431,816,3,4,1,1945,3,2,0,175612,0.3150463836426274
1432,1134,2,4,3,1921,1,4,0,591465,1.1033566647718167
1433,2425,1,2,3,1963,3,1,0,462699,0.830077936957953
1434,2556,1,3,2,1907,4,2,0,93815,0.1807737754983892
1435,3644,4,2,3,2022,3,2,0,874965,1.5696795154310152
1436,2770,4,3,1,1919,2,2,1,836458,1.5529824483972299
1437,1939,1,1,1,1950,4,1,0,154997,0.2986664486587841
1438,1052,3,2,1,1977,1,1,0,110611,0.20634083850620985
1439,1215,5,2,3,1938,1,4,1,661530,1.2340603999332165
1440,4411,5,1,1,1936,4,4,0,467876,0.9015585032786265
1441,2213,1,3,1,1949,4,2,0,760463,1.465349545774466
1442,3889,1,4,1,1933,2,1,1,417057,0.7743152686461287
1443,1607,1,1,2,1974,4,3,1,92082,0.17743442728180647
1444,4706,3,4,3,2017,1,2,1,197330,0.3681120111239424
1445,750,4,4,3,2003,2,4,1,677901,1.2586027687593766
1446,2930,1,1,3,1932,1,1,1,934747,1.743736877626675
1447,2554,1,3,2,1930,3,4,1,926122,1.661454723548945
1448,958,2,4,3,2022,4,4,1,145220,0.2798269751945433
1449,707,3,1,2,1953,3,1,0,589677,1.057875352295023
1450,1399,1,2,2,1943,1,2,0,141860,0.2646347230428342
1451,3961,2,2,3,1933,3,1,0,733045,1.3150762834960583
1452,3885,5,2,1,2013,3,2,1,502436,0.9013657655050175
1453,521,1,1,1,1970,1,4,0,994699,1.8555751753558727
1454,909,1,2,3,2021,1,1,1,71797,0.13393471880943442
1455,1394,2,4,3,2012,4,3,0,948407,1.8275021489005043
1456,1014,3,2,2,2017,3,2,0,933601,1.6748719837775354
1457,4609,1,2,3,1961,2,3,0,820227,1.522847691936134
1458,2634,5,4,2,1922,2,2,0,640620,1.1893862167523455
1459,4095,1,2,3,1945,1,1,1,810943,1.5127849725682014
1460,3456,5,4,1,1955,1,3,1,274997,0.5129970036134941
1461,2060,4,2,1,1906,3,1,0,506123,0.9079802110810052
1462,1766,4,4,3,2017,1,2,1,450404,0.8402124474649985
1463,2669,5,2,2,1988,2,2,1,335840,0.6235263760639813
1464,4138,3,4,1,1960,4,2,0,52024,0.10024596169619143
1465,1249,1,1,2,1902,4,2,1,479201,0.9233808452017652
1466,3927,1,4,3,2022,3,4,1,711944,1.2772212750613097
1467,2427,4,2,3,1937,4,2,1,403142,0.7768214187706829
1468,4304,5,2,1,1983,1,3,1,208116,0.3882329058281579
1469,4202,1,3,3,1933,1,2,0,831627,1.5513702299446148
1470,2856,1,4,1,2012,1,1,0,317429,0.5921523720623418
1471,2835,3,1,2,1943,1,4,1,506331,0.9445422525941158
1472,806,2,4,1,2007,3,3,0,843802,1.5137733674829525
1473,4165,4,4,1,1929,4,4,0,67903,0.1308434864112042
1474,2489,4,1,2,1916,2,4,0,737859,1.369921832766178
1475,1161,2,4,1,1958,4,4,1,934336,1.8003884912227572
1476,811,1,1,1,1909,1,1,1,859427,1.6032301291451703
1477,3420,3,1,3,1998,2,4,0,417304,0.7747738531354326
1478,1582,3,4,2,1983,3,4,0,478416,0.8582740967403777
1479,3471,4,4,1,1917,1,2,1,662665,1.2361777015732391
1480,1254,3,2,2,1944,1,1,0,251474,0.4691156939410241
1481,4630,2,2,2,2007,2,3,1,456782,0.8480693934946925
1482,852,1,3,1,1990,3,3,0,874254,1.5684039876836522
1483,1402,2,3,3,1958,2,3,1,419556,0.7789549554427696
1484,4388,5,4,2,1961,3,1,1,887654,1.5924434698421108
1485,658,4,1,1,1958,1,3,1,930520,1.7358515612985905
1486,2477,3,3,2,1948,4,1,1,543301,1.0468962639455348
1487,1456,5,4,3,1999,1,2,0,402594,0.7510246136240433
1488,2571,3,3,3,1962,4,2,1,493884,0.9516737764562858
1489,903,1,1,3,1986,4,1,0,683654,1.3173449311365535
1490,3279,1,4,1,1931,3,3,1,422222,0.7574625549185557
1491,1887,1,1,1,1909,2,1,1,638141,1.1847836623030166
1492,3953,3,4,3,1910,3,1,0,235715,0.422870637088137
1493,1455,5,3,1,2001,1,4,0,960226,1.791267034883184
1494,2212,1,2,3,1969,2,1,0,203405,0.3776452552503994
1495,1773,5,3,1,2022,4,4,1,459174,0.8847904662441759
1496,4311,3,3,3,2004,4,2,1,626730,1.207657073155737
1497,3125,5,2,2,1961,1,4,0,464170,0.8658924248892735
1498,2882,3,2,3,1946,2,1,1,280755,0.5212546084797615
1499,1941,3,4,3,1933,1,2,0,583963,1.0893619538436667
1500,3479,4,4,1,1999,1,4,1,139590,0.2604001197627888
1501,2297,3,1,1,2000,3,1,1,420714,0.7547572161801263
1502,4890,3,1,1,1916,1,2,1,343805,0.6413558505268687
1503,4509,2,3,1,2003,2,4,0,638577,1.1855931474744195
1504,1894,1,2,1,2003,1,1,1,67184,0.12532933337734226
1505,4781,4,1,1,1953,2,1,0,884395,1.6419831150521222
1506,1769,4,3,2,1975,4,3,0,731182,1.408927471262199
1507,4214,4,2,3,1984,1,3,1,505519,0.9430274958260996
1508,1029,2,4,3,1939,2,4,0,257537,0.47814766648519996
1509,4123,3,3,3,1918,4,4,0,841699,1.6218846246678962
1510,3458,1,4,2,1966,2,4,1,233719,0.43392675407127695
1511,3414,5,1,3,1981,4,1,0,899246,1.7327729523191866
1512,4091,3,1,2,1952,3,4,0,872457,1.5651801854867307
1513,2647,2,2,2,2014,1,1,1,171246,0.31945324814742126
1514,3869,3,3,2,1963,1,4,1,389749,0.7270627285437866
1515,1439,3,4,3,1982,4,1,1,706341,1.3610609109343679
1516,1025,2,2,2,1946,3,1,0,879868,1.5784754543133228
1517,501,4,1,3,1905,2,3,0,723832,1.34387906097887
1518,874,4,1,3,1915,3,2,1,200408,0.35953018958301064
1519,2840,1,3,1,1971,2,1,0,730947,1.3570888935351326
1520,4505,1,4,1,2011,2,4,1,913624,1.696250184031321
1521,3552,4,3,2,1917,1,3,1,287439,0.5362071067017427
1522,2865,5,4,2,1951,4,4,1,957023,1.8441044710205716
1523,2025,3,4,3,1947,1,4,0,396655,0.7399456229279247
1524,4976,5,3,2,1942,1,1,0,583953,1.0893432992036667
1525,2146,3,2,2,1938,1,1,1,732457,1.3663721650626335
1526,513,4,3,3,1948,2,2,1,927709,1.722400639625834
1527,2778,1,3,2,2012,1,1,0,626762,1.1692019475805218
1528,3655,1,1,2,1911,2,1,1,777333,1.4432099466559756
1529,629,5,1,3,2008,4,2,0,468401,0.9025701350234078
1530,4314,1,3,3,1909,2,4,1,125911,0.23376854912039052
1531,3716,4,3,1,1970,2,2,1,142643,0.26483347088165343
1532,3438,5,1,3,2009,3,2,0,866916,1.5552396802150874
1533,4428,3,4,1,1954,1,2,0,309383,0.577142848718181
1534,2540,1,3,2,1900,1,3,0,413309,0.7710130603842573
1535,527,2,2,3,1948,1,4,0,226682,0.4228671104525288
1536,2613,1,2,3,1935,1,3,0,756167,1.4106023165031072
1537,1752,3,2,3,1920,3,3,1,862267,1.5468994150990671
1538,4856,5,3,2,1936,3,1,1,800639,1.4363393250646284
1539,2546,3,4,1,2015,3,2,0,146453,0.26273539407109825
1540,4523,2,4,2,1923,3,2,0,628078,1.126766408591065
1541,4896,4,1,2,1954,1,3,1,782320,1.4593897964956297
1542,3874,1,3,3,1924,2,1,1,846075,1.5708375376022303
1543,3966,5,4,1,1906,4,1,0,387990,0.747624763157491
1544,3581,4,3,2,2005,3,1,0,462167,0.8291235336364381
1545,4278,3,1,3,1980,2,4,1,535320,0.9938844081543905
1546,1129,5,1,2,1992,3,3,0,458449,0.8224534743330688
1547,769,4,1,2,1993,1,4,1,587488,1.0959377144437372
1548,3139,5,2,3,1970,1,1,1,626563,1.1688307202445178
1549,2493,2,3,3,1996,2,1,0,519284,0.9641116920795869
1550,3391,2,1,1,1970,2,1,1,925433,1.7181749785017224
1551,3932,1,3,2,2021,2,2,1,726651,1.349112865332504
1552,1780,1,2,3,1923,1,3,1,354592,0.6614786106950843
1553,2860,2,2,3,1910,1,2,0,998084,1.8618897709959403
1554,1075,5,1,1,1972,4,4,1,665973,1.2832751008899297
1555,1807,2,1,1,1911,2,2,0,464562,0.8625138765990809
1556,3692,1,4,3,1934,4,3,1,847051,1.632197487711838
1557,3678,2,3,1,1962,3,2,1,679742,1.2194511702503634
1558,3234,2,1,3,1967,4,1,1,576054,1.110008596396622
1559,2712,5,4,2,1999,3,4,1,839981,1.5069185270853802
1560,2852,4,3,1,1991,3,4,1,724053,1.298944714573009
1561,4068,1,1,2,1956,4,1,0,505235,0.9735462182372613
1562,2155,5,4,2,1912,2,1,0,540674,1.0038247375298268
1563,2079,2,4,2,1922,3,1,1,830644,1.490168031196311
1564,2703,2,3,3,1982,2,3,0,944370,1.753333741554139
1565,1890,4,4,2,2005,1,2,0,964105,1.7985031697392615
1566,2242,1,3,2,2000,3,4,1,543496,0.9750270444174282
1567,2425,1,3,2,1938,1,2,0,884760,1.6504879286576764
1568,1119,3,3,3,1987,4,1,0,520917,1.00376414018328
1569,1774,1,2,2,1979,2,1,0,270172,0.501606026899589
1570,1456,4,4,2,1996,4,2,0,75301,0.14509882288337905
1571,2439,3,3,1,1911,3,4,1,619051,1.110572049975811
1572,4453,3,1,3,1933,1,3,0,201837,0.3765196573720324
1573,2881,2,2,2,1970,3,2,1,881219,1.5808991364324332
1574,1468,2,2,1,1974,4,1,1,957107,1.8442663320997366
1575,1816,1,4,3,1930,2,1,0,57425,0.10661625221973002
1576,1543,3,3,3,1992,2,3,1,325001,0.6034025004382146
1577,781,2,4,3,1961,3,2,0,233843,0.4195122855507762
1578,3344,4,2,3,1912,3,3,1,405143,0.7268229791137564
1579,1558,2,3,3,1930,1,3,0,465660,0.8686719662493032
1580,4793,2,1,3,1901,4,4,0,833849,1.606758321436405
1581,3032,3,3,2,2002,3,4,1,615745,1.1046411150492539
1582,4328,3,2,2,1914,1,1,0,545496,1.0176031501548983
1583,1508,5,1,2,1956,3,2,0,785101,1.4084642897080517
1584,1729,4,3,2,1974,2,4,0,443920,0.8241895809383116
1585,1535,3,1,1,1933,1,1,0,579740,1.0814840993715824
1586,775,1,1,2,2002,1,2,1,161153,0.3006251199952196
1587,3240,4,2,3,1967,3,1,1,875294,1.5702697385377415
1588,2789,4,1,2,1974,4,4,1,242543,0.46736037766568045
1589,1739,3,4,2,1928,2,1,0,529274,0.9826592995619571
1590,625,4,2,3,1965,4,2,1,330444,0.6367383624238099
1591,4565,3,4,2,1915,1,2,0,977070,1.8226889104995205
1592,4812,2,1,2,1938,4,1,0,450717,0.8684945240239565
1593,4368,5,4,2,1976,1,2,0,51845,0.0967149810810358
1594,1708,2,3,1,1936,4,1,1,169342,0.32630808176142645
1595,3749,3,1,2,1980,3,2,1,875613,1.5708420217324093
1596,1418,3,3,3,1920,4,1,1,500479,0.9643817980883476
1597,4423,2,4,3,1943,1,1,1,811654,1.5141113174722158
1598,4903,1,3,2,2023,2,1,0,813292,1.5099720505056797
1599,2469,1,1,2,1918,2,3,1,768398,1.426621070494316
1600,3293,1,3,2,1970,2,2,1,298850,0.5548500997103407
1601,1391,3,4,3,2001,1,4,1,788650,1.4711981836157562
1602,4970,4,4,3,1907,4,1,1,297688,0.5736202492198954
1603,2533,3,4,1,1976,2,3,0,608692,1.1301081375033852
1604,1864,4,1,1,2000,2,4,1,596852,1.1081257878946504
1605,628,2,4,1,1965,2,1,1,672186,1.2479922005149575
1606,1514,5,1,3,1940,3,4,1,330371,0.5926826686695581
1607,2299,4,3,1,1974,1,3,0,570919,1.0650288414274063
1608,2018,1,4,2,1987,1,4,1,145259,0.2709754351789021
1609,4681,3,3,2,1969,1,1,1,174451,0.3254320602674853
1610,1698,2,2,3,1960,1,4,1,490691,0.9153663956338033
1611,4373,1,3,1,1925,1,4,0,67215,0.12538716276134287
1612,2974,2,2,2,1970,3,1,0,180577,0.323953549979698
1613,3985,5,3,3,2020,4,3,1,832680,1.6045057547513588
1614,4549,3,1,1,2002,3,3,1,121074,0.21720569125770145
1615,4219,3,3,2,1982,2,4,0,989203,1.8365714679062008
1616,802,5,1,1,1969,3,2,0,682909,1.2251327403993064
1617,4452,3,1,3,2006,1,4,0,979958,1.8280763705315781
1618,1486,4,4,1,1928,3,2,0,753577,1.3519105109346754
1619,2363,2,1,3,2006,1,4,0,156759,0.29242827117913184
1620,4940,1,2,1,2002,3,3,1,178471,0.3201754045001671
1621,3572,5,4,2,1965,1,4,1,858143,1.6008348733691444
1622,3624,4,4,3,1918,2,4,1,458275,0.8508413232215372
1623,1827,1,3,3,1967,1,2,1,622686,1.1615983163164405
1624,2908,1,1,3,1957,3,3,0,837718,1.50285872498653
1625,4173,5,1,1,1969,2,2,0,215369,0.399857825412469
1626,3791,4,2,1,2012,3,4,0,682592,1.2245640451870503
1627,4533,1,3,2,1956,2,1,0,154959,0.2876995703564152
1628,1203,1,3,3,1936,4,4,0,289317,0.5574900219140593
1629,1074,4,4,3,1960,4,4,1,731845,1.410205017637037
1630,3732,3,4,1,1991,4,2,1,372111,0.7170272384424783
1631,3132,1,4,1,1929,3,1,1,934235,1.6760093742020477
1632,4328,2,2,2,1970,3,1,1,179745,0.32246094929642655
1633,3730,4,2,2,1972,2,2,1,104583,0.194170613946818
1634,988,1,4,1,1924,2,3,0,698365,1.2965965865290683
1635,1847,5,3,3,1996,2,1,0,494846,0.9187396768989903
1636,4181,2,2,2,1964,2,1,0,161359,0.29958192149627194
1637,3673,1,3,1,2014,1,2,0,601374,1.1218415475480146
1638,2167,2,3,1,1905,4,3,0,721844,1.3909339146283564
1639,2137,2,1,3,1917,1,3,1,773983,1.443837423127463
1640,4614,3,4,1,1909,1,4,1,678420,1.265568086893554
1641,4053,2,1,1,1991,1,4,1,565329,1.0546008976672945
1642,1500,3,4,2,1910,1,2,0,109263,0.20382619303418292
1643,1350,4,4,1,1996,4,3,0,724035,1.3951557911099102
1644,1888,3,3,1,1964,1,2,0,956587,1.7844786113871114
1645,4212,5,4,2,1976,2,4,0,110664,0.20546070414704748
1646,1867,1,3,3,2000,3,2,1,467896,0.839401309254782
1647,1321,4,3,3,1983,2,2,0,984581,1.8279901824423856
1648,954,4,4,2,1964,3,1,1,956906,1.7166809488299888
1649,2124,5,3,2,1951,2,1,0,389112,0.7224320963643637
1650,3272,3,3,3,1966,2,1,1,970995,1.8027661789133085
1651,4226,1,3,3,1981,3,4,0,751486,1.3481592753232323
1652,3647,3,2,3,2004,4,2,0,817018,1.5743263711575222
1653,4589,2,3,3,1977,1,1,1,446608,0.8331311461209226
1654,2690,3,2,3,1930,2,1,1,505473,0.9384699496432493
1655,1416,4,2,2,1990,4,1,0,117804,0.2269986020232611
1656,4486,1,3,1,1916,1,4,1,874832,1.6319676020654779
1657,3375,3,3,3,1954,4,4,0,479767,0.9244714805685199
1658,1940,1,2,3,2009,4,2,0,864520,1.665858811425331
1659,4900,1,2,1,1992,1,2,1,261087,0.48704839937321615
1660,1235,2,3,1,1935,2,2,0,992969,1.8435634889050603
1661,4068,2,3,1,2000,4,1,0,491371,0.9468314325045994
1662,3838,4,4,1,1925,2,3,1,137893,0.256014538395041
1663,3515,5,2,1,1952,2,4,0,842401,1.5640163254010062
1664,3389,1,2,1,1916,2,1,0,58981,0.10950514884060768
1665,1461,5,4,2,1985,1,1,0,464248,0.866037931081275
1666,3489,4,2,1,1924,3,2,0,366235,0.6570223692763457
1667,4348,1,1,1,1901,2,2,1,157154,0.2917748454739129
1668,1526,1,2,2,2018,3,1,1,336552,0.6037713283129486
1669,4365,5,4,1,1985,3,4,1,729601,1.3088977777830932
1670,3363,3,1,3,1904,4,4,0,884372,1.7041119798013267
1671,3001,2,3,3,1903,2,1,1,526154,0.9768666533812769
1672,2447,3,4,1,1935,2,3,1,756465,1.4044660554705801
1673,1677,5,4,2,1905,2,3,1,242122,0.4495279097944357
1674,511,2,3,3,2015,3,4,0,53657,0.09626018613256757
1675,4899,3,4,2,1920,1,2,1,857662,1.599937585185135
1676,3864,2,2,3,1976,3,3,1,986184,1.7692054233550145
1677,3522,1,3,1,2017,2,3,0,263766,0.48971253605553866
1678,3871,3,4,2,2000,2,2,0,659019,1.223546119662068
1679,3330,2,3,2,2018,2,3,0,223412,0.4147905988840108
1680,542,2,3,2,1988,3,1,0,741310,1.3299036208124506
1681,1443,2,3,3,1925,2,3,0,713227,1.3241896338166543
1682,2890,3,1,3,1954,4,2,0,783902,1.5105145676143292
1683,3045,4,4,3,1938,2,1,1,54329,0.10086816485582432
1684,2911,3,1,1,1983,1,3,1,348009,0.6491982611829528
1685,1504,5,4,3,1932,4,4,0,772300,1.4881584695134678
1686,520,3,2,1,1913,2,1,0,569897,1.058080666804832
1687,906,2,2,2,1955,4,1,1,87869,0.16931632339463795
1688,1514,1,2,2,1999,2,4,0,247977,0.460398404470039
1689,4931,3,4,1,1980,1,4,0,956617,1.7845345753071118
1690,2338,3,3,3,1920,2,3,1,548185,1.017769790562868
1691,3688,2,3,1,1945,4,3,0,133984,0.25817612893861513
1692,1214,1,1,2,1915,1,2,0,961604,1.7938376442752115
1693,4646,1,1,2,2009,3,2,1,151069,0.27101645747732545
1694,4354,5,2,1,1915,1,1,1,298577,0.5569846447339651
1695,4919,3,1,3,2019,1,4,1,926143,1.727686425370503
1696,640,1,4,3,1983,1,4,1,378396,0.7058841157515598
1697,1463,1,4,1,1928,4,2,1,391530,0.7544460514937305
1698,872,4,1,1,1991,1,1,0,168728,0.31475600979537094
1699,4135,4,1,3,1907,2,1,0,573846,1.0654124487815966
1700,3041,1,1,2,1987,1,2,0,969215,1.8080356907793635
1701,4110,5,1,1,1902,1,2,0,75801,0.1414040366655144
1702,2192,1,2,3,1988,2,2,0,792647,1.4716421849928139
1703,605,2,2,3,1918,2,3,1,809925,1.5037208198356957
1704,2181,3,1,2,1996,3,1,0,664997,1.1929987699200297
1705,4597,5,4,2,1965,1,1,0,365414,0.6816666621033005
1706,4516,2,2,2,1978,4,1,0,514838,0.9920504080375174
1707,3136,5,4,2,1985,1,2,0,891967,1.6639323277058202
1708,2637,2,3,2,2023,1,2,0,305560,0.5700111798461047
1709,3916,3,4,1,1973,2,2,1,818026,1.5187612771144425
1710,4945,3,1,3,1981,3,2,0,782119,1.403114607932192
1711,4030,4,3,1,1921,1,4,0,66220,0.12353102608132299
1712,1786,2,2,1,1945,4,2,0,325536,0.6272810507983119
1713,3679,4,2,1,2012,1,3,0,528803,0.9864629596025648
1714,4154,2,3,1,1990,4,4,0,445462,0.8583685719880984
1715,2859,4,4,1,1912,2,4,0,332154,0.6166828844543701
1716,944,3,2,2,1932,3,2,1,176951,0.31744853786726734
1717,535,5,1,2,1904,1,1,0,380502,0.7098127829356019
1718,1975,4,3,3,1989,3,2,1,533419,0.9569489950360263
1719,4457,2,1,1,1976,1,1,1,198306,0.3699327039879619
1720,2298,2,3,3,1926,4,2,0,932622,1.7970857544407475
1721,2345,3,2,2,2020,3,2,0,690083,1.238002833310111
1722,1908,2,4,2,1977,1,1,0,492667,0.9190525524978428
1723,2208,1,3,2,1923,2,1,1,959222,1.780908222668069
1724,3438,5,3,1,1966,4,1,0,175223,0.33764028422058573
1725,1800,4,1,1,2010,3,1,0,572886,1.0277524459575098
1726,1743,5,2,2,2014,1,3,0,649493,1.211605809764976
1727,4476,3,1,3,1962,3,1,1,465000,0.8342059107226256
1728,3597,4,2,3,2012,1,2,1,997176,1.8601959296839221
1729,509,4,1,2,1993,4,2,0,51082,0.09843080530841249
1730,2925,1,3,3,1998,2,3,1,454364,0.8435800927046654
1731,2160,3,1,2,1947,4,1,0,208566,0.4018894980610461
1732,3131,2,4,3,1962,3,2,1,911525,1.635267833917078
1733,1572,1,2,2,1977,3,3,0,364096,0.6531850220870217
1734,3725,1,2,3,1911,1,2,1,86719,0.16177117261773252
1735,1816,5,3,1,1927,4,3,0,98737,0.1902580639704147
1736,4645,5,2,2,1943,1,3,0,502669,0.9377109234260427
1737,4183,5,4,2,1992,4,4,1,157271,0.30304825930189383
1738,3773,1,1,3,1942,3,4,1,744896,1.3363368732766472
1739,645,2,3,2,1916,1,1,1,231676,0.4321832376686286
1740,3540,4,4,2,1939,1,4,1,494049,0.9216306237458705
1741,1962,5,2,2,1948,4,3,1,981543,1.8913524907958794
1742,2084,2,2,1,1984,2,2,0,642127,1.1921841391223087
1743,982,3,4,1,1956,4,2,0,884363,1.7040946375428445
1744,3679,5,1,3,1986,2,1,1,352069,0.6536574192903462
1745,1749,4,1,1,1983,4,4,0,232075,0.4471894041335466
1746,1130,3,3,3,1963,3,1,0,492113,0.8828463942869751
1747,1161,3,2,1,1974,1,3,1,137745,0.256958338682752
1748,4003,4,4,3,1956,4,4,0,176298,0.3397117206503759
1749,3352,5,1,1,2020,3,1,0,667997,1.198380743537595
1750,2966,1,3,1,1997,4,2,1,354431,0.6829593351134635
1751,1487,4,2,3,1973,1,2,1,796086,1.4850697739199048
1752,2046,4,2,2,1973,4,1,0,476228,0.9176521191498895
1753,1149,4,3,2,2006,2,1,1,681540,1.2653589993528045
1754,1468,3,3,1,2023,1,1,0,747143,1.393768369366927
1755,3137,2,1,3,1969,2,3,1,421467,0.7825029512284363
1756,1600,1,4,2,1999,3,3,1,511531,0.9176821155222696
1757,940,5,2,3,1987,3,2,1,789126,1.4156851043116185
1758,1269,5,4,2,1975,4,3,1,489707,0.9436250416030452
1759,1843,2,2,3,1942,2,3,0,270013,0.5013108247384581
1760,4858,4,2,1,2018,2,4,1,501800,0.9316505940593909
1761,4229,1,4,3,1922,1,3,1,849235,1.5842173200569665
1762,4406,5,3,2,1926,2,4,0,230697,0.42831605639242587
1763,2077,5,1,1,1957,2,3,0,693107,1.2868344924207298
1764,4508,4,2,3,2020,1,2,0,929793,1.734495368970576
1765,3851,2,3,2,2008,1,1,0,63698,0.1188263258732726
1766,2849,1,2,1,1936,2,2,1,65376,0.12137821689363638
1767,4102,2,1,3,1905,4,3,0,526870,1.015235080710295
1768,1741,2,2,2,1964,1,1,1,325261,0.6067626861104982
1769,1625,1,1,3,1905,1,1,0,286591,0.5346251932297257
1770,3101,1,1,3,1949,2,1,1,481172,0.8933522910417402
1771,1690,5,2,1,1921,2,4,0,98786,0.18340780307841967
1772,4631,5,2,1,2004,1,2,1,687293,1.2821203489657311
1773,4948,1,1,2,1987,2,4,1,268850,0.49915157874226235
1774,572,3,3,1,1924,1,1,0,378624,0.7063094415435643
1775,2414,5,4,2,1978,4,2,1,737055,1.4202442583804855
1776,2972,3,1,3,1989,4,2,1,969015,1.867212066988985
1777,3546,1,2,3,1971,1,3,1,889665,1.6596380295777744
1778,1207,5,2,2,1950,1,4,1,423166,0.7894009390324542
1779,2304,2,3,3,1987,3,4,0,465718,0.8354939964084296
1780,4213,1,4,1,1947,3,3,1,493226,0.8848431064990919
1781,3064,4,1,3,2001,2,4,1,142529,0.26462181650197475
1782,2975,3,1,1,1969,2,1,0,517121,0.9600958287177885
1783,4110,1,4,2,2017,1,1,0,815784,1.5218156837922983
1784,4755,1,1,2,1998,1,4,0,489705,0.9135270481297837
1785,3323,5,4,3,2005,3,3,1,675207,1.2113154201318104
1786,2235,5,2,3,1964,3,2,1,919965,1.6504091196944952
1787,2085,5,4,1,1959,1,4,0,524381,0.9782138777944764
1788,566,4,1,1,1945,4,2,1,999453,1.9258635851749888
1789,3561,5,4,3,1935,4,3,0,522803,1.007398306794056
1790,2928,1,3,3,1957,2,2,1,536275,0.995657477738541
1791,4653,5,2,2,1975,1,3,0,772670,1.4413880688954368
1792,841,2,2,2,1937,1,3,1,259870,0.48477812968519185
1793,3274,5,4,2,1910,2,1,0,643695,1.1950953151515735
1794,3317,4,1,3,1911,3,1,1,648097,1.1626803185410783
1795,3161,2,3,3,1941,3,3,0,329373,0.5908922654461147
1796,1732,1,2,3,2013,4,4,1,994889,1.9170691332070238
1797,4374,1,2,2,1938,1,1,1,616464,1.1499913993083162
1798,2901,3,1,3,1970,3,3,1,669113,1.2003828377233294
1799,1994,2,1,1,1910,4,2,0,970764,1.8705822458873131
1800,4711,3,3,3,1935,4,2,1,147555,0.28432632781180855
1801,1161,2,4,3,1951,4,4,1,577433,1.1126658157795808
1802,4383,2,1,3,1930,3,2,1,147289,0.2642351707191931
1803,4119,4,4,3,1932,3,2,0,713162,1.279406356350041
1804,2368,3,3,3,1912,1,3,1,838695,1.564555329496756
1805,2834,4,4,1,1917,1,2,0,470129,0.8770087248653925
1806,3874,2,2,1,1940,4,2,1,107788,0.20769859525044368
1807,1516,1,4,3,1957,4,2,0,713515,1.3748846178621028
1808,4906,2,3,2,1955,3,2,0,706282,1.2670636968537579
1809,707,4,3,3,1923,3,3,1,777591,1.39499141575208
1810,3165,3,3,3,1972,1,2,0,201744,0.37634616922003056
1811,2993,3,4,3,1930,1,4,0,219598,0.4096521634763873
1812,1132,4,2,2,1954,2,1,1,881776,1.6371206341716091
1813,2602,3,1,2,2004,1,4,0,959251,1.7894482074831646
1814,3459,5,2,2,1909,3,1,0,462230,0.8292365550824069
1815,3583,1,4,1,1959,4,4,0,647640,1.2479489203621679
1816,2431,1,4,2,1901,2,1,0,534495,0.9923526988277683
1817,4219,1,1,1,2001,1,1,1,352468,0.6575163651590419
1818,3062,3,4,1,1914,1,1,0,557745,1.040453218691143
1819,2179,3,3,2,1902,3,1,0,930507,1.6693213749866198
1820,736,2,3,2,1942,2,3,1,276710,0.5137445912358989
1821,4943,2,3,2,1930,1,4,1,744058,1.3880134129268653
1822,2040,1,3,1,1969,4,1,0,913601,1.7604338545979201
1823,4443,5,3,3,1966,3,4,1,859816,1.5425023426535163
1824,863,2,4,2,1955,2,2,1,577800,1.0727535138451894
1825,2868,2,1,2,1962,1,1,1,973570,1.8161597864994505
1826,785,3,1,2,1974,1,4,1,736860,1.3745858030547216
1827,648,5,3,1,1914,2,3,1,173775,0.32263368270759396
1828,4537,1,4,1,2008,3,4,1,128743,0.23096380981540426
1829,2266,2,2,3,2015,2,1,1,397786,0.7385363953936007
1830,1512,5,2,2,1991,2,2,1,441731,0.8201254455250075
1831,3331,5,4,1,1909,3,4,1,654146,1.173532171345296
1832,3007,1,3,3,1937,1,2,0,629088,1.1735410168445684
1833,2023,5,1,2,1946,4,3,0,506356,0.9757062928770704
1834,3285,5,4,1,1956,3,4,0,674652,1.2103197550125608
1835,3056,5,2,2,1949,4,4,0,555533,1.0704663201401337
1836,4225,2,2,2,2013,1,3,0,314531,0.5867462573902839
1837,2101,1,2,1,1970,2,3,1,237232,0.44044905087663894
1838,2908,5,3,1,1914,4,3,1,778927,1.500928152509021
1839,840,5,2,1,1917,1,1,0,182871,0.3411392671476535
1840,3317,2,4,2,1981,1,1,0,169095,0.3154406350833783
1841,2996,1,4,2,2015,2,4,1,609836,1.1322321077696347
1842,2225,3,2,3,2004,2,4,0,140450,0.2607619089988869
1843,2189,2,4,2,1987,1,4,1,679957,1.2684353050615846
1844,3767,1,2,1,1901,1,2,0,916603,1.7098898988103124
1845,4906,5,2,2,2003,4,3,1,483595,0.9318477211761821
1846,761,1,1,3,1983,1,4,0,357558,0.6670115769191435
1847,1942,1,3,3,1997,1,3,1,647359,1.2076249095889333
1848,905,1,3,1,1942,4,1,0,687096,1.3239773815471003
1849,2690,3,1,1,1925,3,3,0,550884,0.9882810514462858
1850,4937,1,1,3,1970,4,2,1,128591,0.24778426227270015
1851,743,3,3,3,1937,4,2,1,798501,1.5386456377896847
1852,4607,5,2,3,1993,2,3,0,316441,0.5875098557886562
1853,1060,3,2,1,1941,4,2,0,683801,1.3176281880250922
1854,4637,5,3,3,1904,1,2,1,965100,1.8003593064192813
1855,3225,5,2,3,1910,1,1,1,922911,1.7216572457224386
1856,1093,3,1,1,1964,1,4,1,148752,0.27749150093097186
1857,2326,2,2,2,1933,3,2,0,186080,0.3338258835855186
1858,3729,4,2,2,2019,1,4,0,267885,0.49972982364535196
1859,3787,1,4,3,1900,3,3,1,427625,0.7671554894037909
1860,4573,4,4,2,1982,1,3,0,197892,0.3691604018919536
1861,633,1,4,2,1901,4,2,0,514764,0.9919078161344435
1862,3638,1,2,2,1984,2,3,1,203325,0.3774967258611512
1863,4419,5,3,2,1919,1,1,0,472418,0.8812787719614382
1864,572,1,1,3,1960,3,2,1,996740,1.7881427945240211
1865,4994,1,2,2,1986,3,2,1,641444,1.1507448950485244
1866,4725,3,3,2,1920,2,2,0,817248,1.5173168288040038
1867,3478,4,2,1,1987,1,3,0,110263,0.2056916570342029
1868,4861,3,1,3,1967,4,3,1,955428,1.8410310374340457
1869,2485,1,2,1,1911,1,2,1,673540,1.2564646225734564
1870,1292,5,1,1,1921,1,4,1,168632,0.31457692525136904
1871,4759,3,2,3,1919,2,3,0,911287,1.6919112692479077
1872,594,3,1,2,1981,1,3,1,66575,0.12419326580133008
1873,1633,2,2,1,1900,4,2,1,324348,0.6249918726786925
1874,737,1,1,3,1929,3,4,1,61952,0.1111413431851357
1875,3446,5,4,2,1996,2,2,1,569826,1.057948846971874
1876,3030,3,2,3,1923,4,3,0,133323,0.2569024363989953
1877,2460,3,2,1,1913,3,2,0,756502,1.3571579352118015
1878,1548,5,3,2,1935,2,2,1,214944,0.39906876303208794
1879,3029,1,3,2,1968,2,2,0,734736,1.364123616733401
1880,3464,2,1,3,1974,3,4,0,771444,1.3839637518096886
1881,1463,3,2,2,1923,3,2,0,192712,0.34572363326274974
1882,1036,2,1,1,1959,4,3,1,338581,0.6524176910091148
1883,4723,4,4,1,1994,1,2,0,177129,0.3304277728595388
1884,4179,1,3,1,1954,1,4,0,924113,1.7238995334504625
1885,4687,4,1,3,1976,1,1,1,828810,1.5461152178565585
1886,4224,4,1,2,1979,1,4,1,582191,1.0860563516356314
1887,1042,4,3,2,1923,1,2,0,264776,0.49393009606928984
1888,1345,1,2,2,1976,4,1,0,601151,1.1583684476323846
1889,4103,1,1,1,1923,2,2,1,355525,0.6600738889058687
1890,3536,5,3,2,1953,4,4,1,864980,1.6667451935255204
1891,2994,2,2,1,1925,4,1,1,493172,0.9503018111186015
1892,4985,2,4,2,1965,4,1,1,585755,1.1287016241225707
1893,3219,5,3,1,1979,2,2,0,370098,0.6871303737747956
1894,2384,5,1,2,1937,4,2,1,336045,0.6475310279524191
1895,4638,4,4,3,2009,4,4,0,859733,1.656634656830535
1896,4849,5,2,3,1964,2,2,0,961118,1.7844283691932517
1897,3701,3,2,1,2012,4,1,0,807902,1.5567605902329011
1898,3210,2,3,1,1974,1,3,1,921612,1.7192340079864126
1899,2453,5,3,2,1950,3,3,1,644191,1.1556729888910084
1900,4350,3,3,2,1934,4,4,0,416099,0.8017884902318845
1901,1189,3,2,3,1942,3,2,0,983708,1.7647635011293172
1902,2450,3,4,2,1928,4,4,0,594043,1.144671917266851
1903,956,3,2,1,1936,4,3,0,371961,0.7167382008011123
1904,2630,4,1,1,1980,1,3,0,838525,1.5642382006167526
1905,4476,3,2,1,1957,2,2,1,306094,0.568299435906766
1906,4744,4,1,1,1953,3,1,1,512753,0.9198743727758246
1907,1679,4,4,1,1938,2,2,1,932751,1.7317617043832023
1908,4785,3,3,3,1941,1,3,0,335084,0.6250871389826945
1909,4065,2,3,3,1927,1,1,0,749400,1.397978721614972
1910,1382,3,2,1,1928,3,4,1,703002,1.2611794056985532
1911,899,3,3,2,1942,2,3,1,141544,0.2627930483968562
1912,1108,3,4,1,1902,1,4,0,658725,1.2288277734131605
1913,2138,2,3,3,2015,4,1,1,405113,0.7806193733782332
1914,2648,1,2,1,1909,4,4,1,157001,0.30252799154743487
1915,1882,1,4,3,1958,4,3,1,137725,0.26538472771428506
1916,1903,4,1,3,2005,2,2,0,427928,0.7944985560275947
1917,1319,4,2,1,1913,4,4,0,160675,0.3096074868432946
1918,3792,2,1,1,1975,4,3,1,144266,0.27798869579545504
1919,1319,5,4,2,1946,1,3,0,321380,0.5995228203264207
1920,919,1,2,3,1941,1,1,1,909029,1.6957608744741612
1921,4719,4,2,2,1993,4,3,1,265196,0.5110108422647852
1922,3802,1,4,1,1931,4,2,0,184974,0.35642965782698977
1923,2008,2,3,3,1931,1,2,0,673944,1.2572182700294645
1924,1267,2,2,2,1941,3,4,0,346508,0.621632304758442
1925,2544,5,2,2,1931,2,4,1,681359,1.2650229516096303
1926,2639,5,1,2,1925,2,4,1,406554,0.7548152164552044
1927,3529,2,3,1,2014,1,4,1,201168,0.3752716619560191
1928,2049,4,1,1,1900,2,2,0,193092,0.3584979603589396
1929,2264,1,1,1,1955,1,1,1,632761,1.1803928661166416
1930,3145,3,3,3,2021,1,4,1,291472,0.5437305230138232
1931,4216,5,3,1,2005,1,1,1,356297,0.6646592268151184
1932,4981,3,4,3,1901,1,3,1,222349,0.41478405494044224
1933,2793,4,3,2,1980,3,3,0,350646,0.6290558403682704
1934,3208,5,2,2,1929,4,4,0,65675,0.12655031397811342
1935,1400,3,3,1,2019,4,3,0,991869,1.9112498420275201
1936,3584,4,4,2,2002,3,1,1,168384,0.3020794152067066
1937,2509,1,4,1,1970,2,1,1,128229,0.2380721881738574
1938,741,4,4,3,1951,2,3,1,663337,1.23156299344674
1939,2885,5,3,2,1990,4,4,0,757508,1.4596555042395545
1940,4768,2,3,1,1908,2,1,0,401301,0.745062405433694
1941,1171,1,1,2,1921,4,1,0,270319,0.5208824411762412
1942,663,3,1,2,1933,4,2,0,679999,1.310302047275267
1943,964,5,2,1,2009,3,4,0,684378,1.2277681134807077
1944,3542,2,1,2,1948,2,2,1,929753,1.7261955655211256
1945,2942,4,2,2,1900,3,3,0,776262,1.3926072014394983
1946,2855,2,4,2,1972,4,3,0,862897,1.66273142414575
1947,4778,5,1,2,1983,4,2,0,868718,1.673948011548363
1948,3057,5,3,3,1952,4,4,1,104795,0.20193133084638593
1949,1045,2,1,2,1982,1,1,0,420283,0.7840228063203967
1950,4335,4,2,2,1999,1,3,0,784543,1.4635367229676741
1951,1093,2,1,1,2023,1,4,0,153845,0.2869923090830736
1952,4304,5,4,3,1939,3,4,1,362130,0.6496580353763105
1953,1959,5,3,1,1944,4,3,1,387540,0.7467576502333928
1954,3993,3,2,1,1967,2,3,0,891610,1.6553786093449452
1955,3101,3,3,1,1908,3,4,0,847177,1.5198280878027135
1956,2944,1,3,3,2004,3,1,0,828520,1.4863575938750748
1957,3172,5,2,1,1921,3,2,0,303730,0.5448889489543722
1958,4700,3,3,1,1917,2,3,1,253426,0.4705151124952076
1959,516,2,3,1,1975,4,2,0,916069,1.7651894872571965
1960,3691,4,1,2,2005,1,4,1,972532,1.8142234348674298
1961,892,2,3,1,1942,4,2,0,279333,0.5382516765047333
1962,924,4,3,3,1938,4,1,1,622854,1.2001883405028375
1963,1071,3,3,3,1972,3,4,1,880154,1.5789885357981974
1964,4131,1,3,2,1905,3,1,0,923055,1.6559525525205874
1965,1620,2,2,3,1982,3,4,1,423218,0.7592493701595874
1966,741,2,4,3,1947,1,1,0,649262,1.2111748875809714
1967,4397,2,1,2,2010,1,4,1,526908,0.9829279053225269
1968,4595,4,3,1,1906,1,1,1,396228,0.7391490697999161
1969,2779,3,3,2,1979,4,4,0,220951,0.4257543726498384
1970,1288,2,2,1,1968,3,1,0,467983,0.8395573864896914
1971,1214,2,4,1,1915,2,4,1,298595,0.554376662282112
1972,3349,1,3,3,1900,4,1,1,953785,1.8378651118022826
1973,1275,1,2,2,2014,1,3,0,678705,1.2660997441335595
1974,4526,3,1,3,1936,2,2,0,904531,1.6793679623258966
1975,2747,3,1,3,2002,2,4,0,229729,0.42651885078252255
1976,578,5,3,1,1982,3,1,1,189570,0.340086912893953
1977,4426,1,3,3,2017,2,3,0,254739,0.47295285109624385
1978,1355,5,4,2,1936,1,4,0,337251,0.6291295994707378
1979,2648,4,4,3,1980,3,4,1,734153,1.3170640257521458
1980,1531,5,3,3,1963,2,4,0,970200,1.8012901681076545
1981,3771,2,2,1,1989,3,2,0,890271,1.5971383448278336
1982,4076,5,4,2,1985,2,1,0,663529,1.2319194639809359
1983,4682,3,3,3,1961,4,1,0,597685,1.1516897511992192
1984,3956,4,4,1,1971,4,4,1,581992,1.1214506331595004
1985,4006,2,3,3,1960,1,4,0,852874,1.5910057435530394
1986,907,5,1,2,1932,4,4,0,769148,1.482084825209562
1987,3211,4,3,3,1965,4,3,0,179576,0.34602815657302927
1988,3588,4,1,3,1929,4,4,0,59765,0.11516223090829004
1989,2168,2,4,1,2010,2,2,0,427972,0.7945802471916812
1990,647,5,3,3,1919,2,1,0,60002,0.11140075517088795
1991,4827,4,4,1,1959,3,2,1,834141,1.4964416184431863
1992,4397,4,1,2,1981,2,4,1,847822,1.574081048139938
1993,2450,1,3,3,2006,4,3,1,225508,0.4345353361945398
1994,865,4,4,2,2020,2,4,0,308446,0.5726661999506634
1995,2174,1,1,2,1973,1,4,0,527698,0.9844016218825427
1996,4994,5,4,3,1923,3,4,0,295620,0.5303396802748872
1997,3046,5,2,1,2019,3,4,1,580929,1.0421815172262026
1998,1062,5,1,2,1903,2,4,0,476925,0.885467237090026
1999,4062,3,1,2,1936,4,1,1,161119,0.3104630382617382
2000,2989,5,1,3,1903,3,2,0,482525,0.8656456066052364
